version https://git-lfs.github.com/spec/v1,team,school_name,g,wins,losses,win_loss_pct,srs,sos,wins_conf,losses_conf,wins_home,losses_home,wins_visitor,losses_visitor,pts,opp_pts,mp,fg,fga,fg_pct,fg3,fg3a,fg3_pct,ft,fta,ft_pct,orb,trb,ast,stl,blk,tov,pf,year
oid sha256:e71f55f5cb8ea895d20790615afb0c233f8f5354de41234ec4e70640802fd4dd,,,,,,,,,,,,,,,,,,,,,,,,,,,,,,,,,,
size 1514983,,,,,,,,,,,,,,,,,,,,,,,,,,,,,,,,,,
,abilene-christian,Abilene Christian,33,23,10,.697,3.79,-2.98,13,5,14,2,8,4,2373,1990,1325,836,1975,.423,257,834,.308,444,579,.767,409,1170,466,367,66,499,534,2026.0
,air-force,Air Force,34,16,18,.471,-3.72,-0.63,7,13,8,5,4,12,2036,2137,1365,733,2051,.357,187,677,.276,383,532,.720,406,1161,380,294,75,441,549,2026.0
,akron,Akron,31,7,24,.226,-12.38,0.45,4,14,5,10,1,13,2156,2410,1265,752,1854,.406,236,767,.308,416,596,.698,341,1104,382,201,71,584,666,2026.0
,alabama,Alabama,33,23,10,.697,25.36,16.78,7,9,16,4,3,5,2314,2031,1320,831,1894,.439,270,749,.360,382,528,.723,345,1221,459,251,154,495,531,2026.0
,alabama-am,Alabama A&M,32,22,10,.688,-6.94,-9.90,17,1,13,1,7,5,1991,1792,1284,684,1717,.398,119,456,.261,504,756,.667,431,1221,345,303,92,618,557,2026.0
,alabama-state,Alabama State,32,17,15,.531,-16.98,-9.15,12,6,8,4,7,9,1934,2121,1286,716,1848,.387,127,483,.263,375,620,.605,464,1345,339,309,84,755,715,2026.0
,albany-ny,Albany (NY),30,14,16,.467,-4.54,-5.16,4,12,9,5,5,11,1728,1657,1220,646,1496,.432,174,517,.337,262,381,.688,277,952,400,183,61,453,439,2026.0
,alcorn-state,Alcorn State,30,17,13,.567,-16.44,-10.58,14,4,10,3,7,7,1718,1795,1204,625,1689,.370,170,577,.295,298,461,.646,349,1067,409,294,72,562,535,2026.0
,american,American,30,7,23,.233,-18.06,-7.46,5,13,4,10,3,13,1671,1989,1210,598,1646,.363,185,671,.276,290,392,.740,281,1028,350,167,61,451,371,2026.0
,appalachian-state,Appalachian State,30,11,19,.367,-2.05,1.24,4,14,8,7,3,11,1879,1845,1205,696,1642,.424,180,562,.320,307,468,.656,311,1077,424,204,63,479,492,2026.0
,arizona,Arizona,30,12,18,.400,7.25,8.61,3,15,12,8,0,9,2094,2135,1204,775,1744,.444,127,422,.301,417,556,.750,226,955,441,288,73,492,621,2026.0
,arizona-state,Arizona State,34,24,10,.706,17.24,11.29,9,9,15,2,7,7,2262,2060,1370,841,1979,.425,151,516,.293,429,590,.727,370,1238,502,322,98,565,621,2026.0
,arkansas,Arkansas,32,12,20,.375,7.83,13.40,1,15,9,9,1,10,2253,2431,1285,786,2055,.382,244,762,.320,437,589,.742,413,1288,383,250,107,531,563,2026.0
,arkansas-state,Arkansas State,33,24,9,.727,8.21,-0.29,14,4,12,2,9,6,2527,2204,1330,880,2301,.382,340,1151,.295,427,593,.720,529,1248,477,485,79,577,719,2026.0
,arkansas-pine-bluff,Arkansas-Pine Bluff,31,15,16,.484,-21.22,-12.62,10,8,8,3,5,12,1894,2118,1245,693,1797,.386,142,504,.282,366,617,.593,421,1141,365,318,66,593,544,2026.0
,army,Army,31,24,7,.774,-0.14,-8.94,14,4,13,2,11,5,2004,1704,1240,706,1713,.412,214,655,.327,378,510,.741,338,1050,462,249,62,394,455,2026.0
,auburn,Auburn,32,15,17,.469,11.25,14.81,3,13,9,7,3,8,1898,2012,1290,697,1807,.386,143,529,.270,361,511,.706,342,1006,301,342,92,519,560,2026.0
,austin-peay,Austin Peay,32,19,13,.594,-0.70,-5.67,8,10,5,9,11,3,2118,1865,1285,783,1851,.423,201,687,.293,351,499,.703,436,1164,421,294,51,511,619,2026.0
,ball-state,Ball State,33,26,7,.788,9.64,-0.80,16,2,12,2,11,4,2597,2178,1319,956,2081,.459,246,735,.335,439,638,.688,436,1463,646,255,119,565,550,2026.0
,baylor,Baylor,32,24,8,.750,24.31,12.84,13,5,15,2,7,3,2286,1919,1285,804,1894,.424,238,736,.323,440,590,.746,386,1289,488,224,199,530,507,2026.0
,bellarmine,Bellarmine,32,2,30,.063,-35.39,-0.58,0,18,1,12,1,16,1558,2611,1285,527,1666,.316,159,607,.262,345,502,.687,263,1021,265,152,43,646,515,2026.0
,belmont,Belmont,32,20,12,.625,5.62,1.40,16,4,11,4,9,5,2271,2136,1295,791,1996,.396,250,807,.310,439,615,.714,368,1194,428,319,134,412,583,2026.0
,bethune-cookman,Bethune-Cookman,33,7,26,.212,-23.70,-10.50,4,14,4,6,1,15,1842,2214,1325,629,1769,.356,130,463,.281,454,632,.718,399,1149,318,271,102,674,667,2026.0
,binghamton,Binghamton,31,19,12,.613,-3.63,-3.69,10,6,13,2,6,9,2011,1910,1255,729,1720,.424,171,527,.324,382,513,.745,354,1040,331,270,68,486,510,2026.0
,boise-state,Boise State,34,25,9,.735,4.29,-1.43,14,6,15,2,6,6,2370,2173,1360,858,2013,.426,229,609,.376,425,574,.740,361,1277,539,221,94,515,507,2026.0
,boston-college,Boston College,31,5,26,.161,-3.42,9.32,1,17,4,14,1,10,1987,2382,1245,701,1911,.367,216,727,.297,369,476,.775,347,994,387,209,34,443,533,2026.0
,boston-university,Boston University,31,11,20,.355,-12.98,-7.88,6,12,5,10,6,10,1826,1908,1250,695,1577,.441,183,531,.345,253,384,.659,272,1034,437,147,123,461,406,2026.0
,bowling-green-state,Bowling Green,31,17,14,.548,-3.14,0.04,9,9,12,3,5,9,2153,2053,1245,729,1859,.392,220,761,.289,475,646,.735,371,1143,439,361,145,521,589,2026.0
,bradley,Bradley,32,20,12,.625,0.07,-4.00,13,7,13,2,6,8,2241,2054,1295,800,1947,.411,255,737,.346,386,527,.732,323,1192,440,244,110,425,557,2026.0
,brigham-young,Brigham Young,33,22,11,.667,16.78,11.02,9,9,12,4,6,5,2308,2118,1320,807,1995,.405,261,850,.307,433,605,.716,435,1313,473,331,144,567,600,2026.0
,brown,Brown,27,16,11,.593,0.17,-2.56,8,6,9,2,7,8,1656,1533,1090,611,1582,.386,176,605,.291,258,386,.668,359,1084,333,240,100,430,396,2026.0
,bryant,Bryant,30,18,12,.600,-3.37,-8.76,8,8,9,5,9,7,1895,1649,1220,715,1716,.417,174,526,.331,291,427,.681,340,1101,450,226,81,443,526,2026.0
,bucknell,Bucknell,30,11,19,.367,-14.42,-7.48,7,11,7,8,4,11,1582,1707,1205,590,1539,.383,163,576,.283,239,337,.709,224,905,345,213,109,434,421,2026.0
,buffalo,Buffalo,30,3,27,.100,-15.11,-1.95,1,17,3,10,0,14,1760,2155,1200,664,1781,.373,124,504,.246,308,473,.651,421,1160,350,259,78,622,580,2026.0
,butler,Butler,31,12,19,.387,5.58,8.39,6,14,9,8,2,9,1927,2014,1245,699,1641,.426,195,615,.317,334,449,.744,256,1011,446,201,88,558,475,2026.0
,cal-poly,Cal Poly,30,4,26,.133,-19.22,0.57,2,18,3,11,1,15,1706,2172,1202,614,1619,.379,122,454,.269,356,485,.734,300,1044,317,193,52,603,566,2026.0
,cal-state-bakersfield,Cal State Bakersfield,30,7,23,.233,-13.53,-4.70,2,18,3,12,4,11,1844,2088,1215,644,1841,.350,173,610,.284,383,557,.688,357,1084,283,266,76,476,643,2026.0
,cal-state-fullerton,Cal State Fullerton,32,18,14,.563,-2.85,-4.82,13,7,10,6,7,7,2282,2105,1304,830,2155,.385,124,478,.259,498,717,.695,588,1275,451,496,74,555,658,2026.0
,cal-state-northridge,Cal State Northridge,30,10,20,.333,-11.27,-3.56,6,14,7,8,3,11,1940,2003,1200,700,1784,.392,225,768,.293,315,471,.669,370,1147,379,299,124,608,602,2026.0
,california,California,33,19,14,.576,18.20,11.89,9,9,13,4,4,6,2288,2080,1340,813,1876,.433,240,741,.324,422,589,.716,351,1233,524,216,105,523,491,2026.0
,california-baptist,California Baptist,33,23,10,.697,3.88,-2.63,15,3,10,5,11,5,2403,2188,1335,896,2161,.415,285,935,.305,326,458,.712,377,1372,512,293,179,495,626,2026.0
,campbell,Campbell,32,20,12,.625,-6.43,-7.46,13,5,12,2,7,7,1933,1780,1290,703,1782,.395,179,591,.303,348,525,.663,424,1189,358,240,161,523,470,2026.0
,canisius,Canisius,29,5,24,.172,-21.19,-7.81,3,17,4,10,1,14,1592,1980,1174,563,1429,.394,120,433,.277,346,487,.710,328,1031,324,156,48,684,514,2026.0
,central-arkansas,Central Arkansas,32,21,11,.656,2.45,-6.32,13,5,9,3,9,7,2214,1837,1290,820,2028,.404,268,880,.305,306,431,.710,409,1297,418,292,113,433,605,2026.0
,central-connecticut-state,Central Connecticut State,29,2,27,.069,-32.25,-13.94,2,16,2,11,0,16,1559,2090,1160,569,1629,.349,90,383,.235,331,442,.749,270,940,274,237,66,489,496,2026.0
,central-michigan,Central Michigan,30,18,12,.600,3.23,0.06,12,6,9,4,9,7,2109,1990,1206,758,1770,.428,156,445,.351,435,620,.702,437,1255,396,187,70,556,500,2026.0
,charleston-southern,Charleston Southern,30,8,22,.267,-19.58,-7.13,6,10,4,10,4,11,1844,2184,1205,648,1714,.378,262,804,.326,286,409,.699,256,1042,339,166,55,508,479,2026.0
,charlotte,Charlotte,32,14,18,.438,0.72,3.44,8,10,8,7,5,8,2033,2120,1300,769,2058,.374,192,637,.301,303,446,.679,550,1305,377,279,114,543,551,2026.0
,chattanooga,Chattanooga,30,20,10,.667,-6.51,-9.51,10,4,11,3,6,5,1949,1766,1210,718,1706,.421,202,617,.327,311,417,.746,337,1086,348,239,77,449,503,2026.0
,chicago-state,Chicago State,32,9,23,.281,-23.94,-11.47,8,10,6,5,3,16,1993,2392,1281,733,1867,.393,139,511,.272,388,596,.651,348,1061,364,295,97,572,656,2026.0
,cincinnati,Cincinnati,31,11,20,.355,7.70,12.47,6,12,7,9,2,10,2170,2274,1250,779,1916,.407,159,498,.319,453,635,.713,457,1233,391,216,98,521,565,2026.0
,clemson,Clemson,32,21,11,.656,18.77,9.77,11,7,12,1,7,8,2166,1878,1295,791,1832,.432,258,755,.342,326,487,.669,354,1175,414,204,86,412,485,2026.0
,cleveland-state,Cleveland State,33,24,9,.727,0.52,-7.42,13,7,17,1,5,7,2333,1977,1335,812,1813,.448,186,622,.299,523,705,.742,354,1228,458,315,70,561,542,2026.0
,coastal-carolina,Coastal Carolina,32,14,18,.438,2.11,0.11,7,11,9,7,5,10,2338,2158,1290,786,1962,.401,275,805,.342,491,710,.692,421,1292,399,323,122,573,588,2026.0
,colgate,Colgate,31,7,24,.226,-18.23,-6.20,2,16,4,9,3,14,1644,1984,1260,617,1757,.351,151,575,.263,259,355,.730,351,1081,332,202,64,503,480,2026.0
,college-of-charleston,College of Charleston,31,26,5,.839,4.01,-7.75,16,2,11,1,11,2,2311,1802,1240,850,2078,.409,230,701,.328,381,507,.751,493,1261,418,346,58,388,467,2026.0
,colorado,Colorado,33,22,11,.667,20.51,13.39,11,7,14,3,4,6,2238,2003,1325,821,1934,.425,136,493,.276,460,631,.729,437,1262,454,312,94,544,582,2026.0
,colorado-state,Colorado State,34,27,7,.794,10.56,-0.08,15,5,13,3,10,3,2262,1866,1360,807,1916,.421,224,690,.325,424,550,.771,272,1225,402,222,119,355,471,2026.0
,columbia,Columbia,28,20,8,.714,13.15,1.93,11,3,8,4,11,1,1986,1672,1130,747,1696,.440,186,595,.313,306,439,.697,398,1033,463,336,73,470,521,2026.0
,connecticut,Connecticut,34,34,0,1.000,51.91,13.53,20,0,15,0,12,0,3018,1713,1360,1184,2254,.525,322,813,.396,328,438,.749,385,1271,806,531,168,434,447,2026.0
,coppin-state,Coppin State,33,10,23,.303,-13.43,-2.17,6,8,6,6,3,13,1928,2212,1325,658,1939,.339,162,630,.257,450,660,.682,475,1290,346,298,91,737,581,2026.0
,cornell,Cornell,27,9,18,.333,-14.02,-3.33,4,10,3,9,6,9,1469,1668,1090,549,1404,.391,152,478,.318,219,315,.695,252,840,373,173,34,418,354,2026.0
,creighton,Creighton,31,16,15,.516,9.99,11.24,11,9,8,6,6,8,2093,2132,1245,753,1882,.400,267,828,.322,320,421,.760,324,1119,467,204,104,429,481,2026.0
,dartmouth,Dartmouth,27,10,17,.370,-18.29,-3.25,1,13,6,7,4,10,1506,1720,1080,536,1431,.375,172,579,.297,262,371,.706,278,900,343,164,63,429,282,2026.0
,davidson,Davidson,33,21,12,.636,10.30,2.97,12,6,13,3,7,6,2158,1916,1340,792,1856,.427,241,723,.333,333,477,.698,343,1123,426,310,108,513,531,2026.0
,dayton,Dayton,31,17,14,.548,-0.40,0.18,9,9,8,6,7,6,2076,2094,1243,759,1722,.441,173,555,.312,385,571,.674,375,1191,354,209,113,570,534,2026.0
,delaware,Delaware,32,13,19,.406,-7.26,-3.74,6,12,5,9,6,9,2018,2103,1305,724,1808,.400,178,581,.306,392,533,.735,337,1144,319,246,90,580,488,2026.0
,delaware-state,Delaware State,30,7,23,.233,-21.37,-8.59,4,10,5,8,2,13,1656,1929,1200,613,1618,.379,124,415,.299,306,486,.630,291,965,320,275,81,593,640,2026.0
,denver,Denver,30,11,19,.367,-11.23,-1.41,5,11,8,7,3,11,1816,2003,1205,656,1717,.382,196,674,.291,308,436,.706,293,984,358,250,84,483,413,2026.0
,depaul,DePaul,32,8,24,.250,-1.11,8.17,5,15,7,10,1,13,2016,2313,1280,777,2062,.377,190,657,.289,272,437,.622,454,1111,521,309,87,518,567,2026.0
,detroit-mercy,Detroit Mercy,31,7,24,.226,-13.98,-3.55,4,16,4,11,2,12,1947,2266,1240,715,1842,.388,147,551,.267,370,577,.641,367,1112,334,234,61,497,570,2026.0
,drake,Drake,32,12,20,.375,-3.90,-0.93,10,10,5,10,6,7,2279,2374,1280,834,1940,.430,216,701,.308,395,567,.697,392,1263,573,178,87,524,595,2026.0
,drexel,Drexel,31,21,10,.677,-2.83,-7.76,13,5,11,3,8,6,1970,1765,1260,747,1828,.409,149,488,.305,327,445,.735,388,1140,477,216,86,371,405,2026.0
,duke,Duke,32,24,8,.750,34.08,18.86,16,2,12,1,9,3,2372,1885,1285,889,2019,.440,206,609,.338,388,568,.683,441,1302,548,294,200,473,457,2026.0
,duquesne,Duquesne,31,12,19,.387,-5.44,-1.20,4,14,7,7,4,10,1978,2017,1250,716,1887,.379,219,674,.325,327,470,.696,435,1288,344,247,96,594,570,2026.0
,east-carolina,East Carolina,32,22,10,.688,4.37,-1.57,14,4,13,4,7,4,2278,2088,1295,802,2044,.392,186,610,.305,488,665,.734,447,1183,452,339,132,482,609,2026.0
,east-tennessee-state,East Tennessee State,31,18,13,.581,-9.03,-7.48,10,4,7,7,8,4,1770,1752,1255,615,1758,.350,165,610,.270,375,545,.688,380,1158,294,195,89,420,451,2026.0
,texas-am-commerce,East Texas A&M,30,13,17,.433,-14.21,-8.21,9,13,9,6,4,10,1917,1981,1200,684,1770,.386,182,603,.302,367,503,.730,303,1052,442,246,114,450,485,2026.0
,eastern-illinois,Eastern Illinois,31,4,27,.129,-16.72,-1.76,3,17,2,10,2,16,1764,2228,1255,625,1756,.356,185,639,.290,329,441,.746,292,1053,339,211,110,535,520,2026.0
,eastern-kentucky,Eastern Kentucky,32,24,8,.750,3.10,-8.11,15,3,14,3,10,4,2323,1892,1280,835,1971,.424,254,806,.315,399,539,.740,347,1252,497,265,124,437,471,2026.0
,eastern-michigan,Eastern Michigan,29,13,16,.448,-3.25,-1.07,6,12,8,5,5,11,1954,1963,1164,715,1697,.421,165,590,.280,359,479,.749,318,1056,389,199,74,486,531,2026.0
,eastern-washington,Eastern Washington,33,15,18,.455,-4.28,-2.02,7,11,8,6,5,11,2285,2258,1336,826,2097,.394,229,740,.309,404,572,.706,413,1371,401,217,101,520,518,2026.0
,elon,Elon,32,16,16,.500,-6.67,-7.12,10,8,10,4,4,10,2073,1998,1285,762,1908,.399,164,584,.281,385,531,.725,476,1206,420,296,72,555,576,2026.0
,evansville,Evansville,34,10,24,.294,-9.79,-2.70,5,15,4,9,3,15,2318,2559,1375,816,2085,.391,244,771,.316,442,599,.738,383,1242,511,224,103,537,668,2026.0
,fairfield,Fairfield,32,28,4,.875,11.84,-7.88,19,1,12,1,12,2,2416,1785,1280,867,1908,.454,364,985,.370,318,419,.759,297,1039,553,307,100,420,530,2026.0
,fairleigh-dickinson,FDU,33,29,4,.879,-1.40,-17.04,18,0,17,1,12,3,2270,1687,1320,840,1991,.422,305,886,.344,285,395,.722,473,1337,455,212,111,442,450,2026.0
,florida,Florida,33,18,15,.545,19.81,13.35,5,11,13,5,2,9,2417,2204,1320,872,1946,.448,177,611,.290,496,708,.701,396,1243,439,308,133,558,637,2026.0
,florida-am,Florida A&M,31,9,22,.290,-22.44,-11.14,7,11,7,6,1,15,1828,2161,1240,638,1800,.354,93,407,.229,459,653,.703,409,1118,296,224,85,558,602,2026.0
,florida-atlantic,Florida Atlantic,32,14,18,.438,-6.32,1.62,7,11,8,7,5,9,1992,2195,1295,704,1793,.393,207,674,.307,377,562,.671,315,1100,387,281,89,572,554,2026.0
,florida-gulf-coast,Florida Gulf Coast,31,16,15,.516,-1.21,-1.18,11,7,8,7,6,6,1972,1830,1240,703,1632,.431,197,639,.308,369,536,.688,277,1114,386,230,80,521,466,2026.0
,florida-international,Florida International,31,20,11,.645,-1.19,-3.39,12,6,12,4,7,6,2177,2019,1250,746,1845,.404,161,552,.292,524,759,.690,443,1136,358,365,73,608,654,2026.0
,florida-state,Florida State,31,10,21,.323,8.80,14.35,5,13,6,11,3,8,2217,2389,1255,783,2070,.378,243,792,.307,408,547,.746,395,1260,368,222,142,471,522,2026.0
,fordham,Fordham,30,10,20,.333,-7.50,-3.19,2,16,7,9,3,10,1812,1928,1215,673,1850,.364,160,567,.282,306,450,.680,463,1125,342,292,74,540,571,2026.0
,fresno-state,Fresno State,33,15,18,.455,-0.11,-0.83,8,12,8,6,4,11,2076,2004,1320,776,1980,.392,166,520,.319,358,501,.715,421,1230,349,314,58,544,646,2026.0
,furman,Furman,31,18,13,.581,-8.93,-6.15,9,5,10,6,7,6,2097,1899,1245,764,1874,.408,176,543,.324,393,623,.631,435,1232,406,351,131,554,559,2026.0
,gardner-webb,Gardner-Webb,31,12,19,.387,-19.55,-12.10,9,7,6,7,6,10,1712,1943,1240,627,1672,.375,219,696,.315,239,375,.637,310,931,335,325,73,561,510,2026.0
,george-mason,George Mason,32,23,9,.719,12.06,4.40,16,2,12,3,9,3,2156,1911,1300,781,1999,.391,205,626,.327,389,520,.748,435,1184,384,312,81,412,510,2026.0
,george-washington,George Washington,32,15,17,.469,-0.65,0.51,7,11,11,5,3,10,1947,1944,1290,705,1713,.412,171,553,.309,366,500,.732,349,1115,366,208,120,508,563,2026.0
,georgetown,Georgetown,31,14,17,.452,9.28,9.12,6,14,8,8,5,8,1942,1937,1250,695,1771,.392,182,608,.299,370,508,.728,421,1109,362,284,101,529,534,2026.0
,georgia,Georgia,31,22,9,.710,23.93,11.83,8,8,12,4,6,4,2281,1906,1250,840,1868,.450,208,623,.334,393,543,.724,323,1153,427,249,86,437,553,2026.0
,georgia-southern,Georgia Southern,30,23,7,.767,8.68,2.40,16,2,14,1,9,5,2171,1927,1215,783,1750,.447,214,632,.339,391,541,.723,298,1061,393,238,86,415,463,2026.0
,georgia-state,Georgia State,31,10,21,.323,-6.84,1.54,5,13,7,8,3,12,2146,2310,1265,741,1948,.380,211,745,.283,453,657,.689,365,1013,358,358,40,439,614,2026.0
,georgia-tech,Georgia Tech,32,14,18,.438,12.65,12.65,8,10,10,6,3,9,2106,2106,1295,767,1899,.404,153,567,.270,419,569,.736,336,1306,488,242,120,538,498,2026.0
,gonzaga,Gonzaga,33,24,9,.727,13.71,3.83,14,4,12,3,9,4,2455,2129,1344,895,1970,.454,235,603,.390,430,561,.766,437,1347,561,236,74,566,572,2026.0
,grambling,Grambling,32,13,19,.406,-16.02,-10.84,10,8,9,5,4,12,2031,2014,1285,745,2061,.361,135,579,.233,406,647,.628,541,1291,410,366,98,595,645,2026.0
,grand-canyon,Grand Canyon,32,13,19,.406,3.96,3.84,11,9,7,7,5,9,2073,2069,1280,736,1853,.397,199,685,.291,402,529,.760,357,1160,416,242,94,566,564,2026.0
,green-bay,Green Bay,33,25,8,.758,6.69,-2.19,17,3,14,1,9,5,2267,1935,1325,844,1895,.445,201,610,.330,378,500,.756,272,1196,572,246,85,426,427,2026.0
,hampton,Hampton,31,10,21,.323,-15.34,-7.38,4,14,3,9,4,9,1865,1970,1245,688,1866,.369,191,659,.290,298,429,.695,369,1038,384,266,121,436,472,2026.0
,harvard,Harvard,29,18,11,.621,10.93,3.00,10,4,9,3,7,5,1893,1663,1175,709,1778,.399,182,594,.306,293,391,.749,435,1076,386,259,112,452,513,2026.0
,hawaii,Hawaii,33,22,11,.667,3.57,-2.66,14,6,13,5,6,4,2096,1884,1335,758,1807,.419,223,664,.336,357,482,.741,324,1273,402,187,206,557,488,2026.0
,high-point,High Point,32,27,5,.844,-0.13,-13.20,13,3,14,2,8,3,2375,1881,1295,856,1912,.448,250,756,.331,413,571,.723,300,1162,480,310,117,468,441,2026.0
,hofstra,Hofstra,32,11,21,.344,-11.07,-3.82,6,12,3,10,5,9,1741,1930,1285,663,1780,.372,162,547,.296,253,373,.678,377,1126,354,227,74,513,530,2026.0
,holy-cross,Holy Cross,31,22,9,.710,-1.85,-6.27,14,4,13,3,9,6,1885,1748,1250,707,1728,.409,162,576,.281,309,413,.748,270,1114,458,238,107,450,410,2026.0
,houston,Houston,30,7,23,.233,0.60,12.60,1,17,5,10,1,11,1836,2196,1200,649,1766,.367,128,481,.266,410,572,.717,348,1039,312,274,114,562,539,2026.0
,houston-baptist,Houston Christian,29,8,21,.276,-17.00,-6.52,6,16,5,8,3,13,1724,1924,1185,622,1610,.386,160,619,.258,320,489,.654,318,1016,347,268,68,545,482,2026.0
,howard,Howard,33,26,7,.788,-1.71,-8.71,13,1,11,0,11,7,2209,1978,1320,773,1949,.397,145,485,.299,518,715,.724,409,1252,393,334,133,494,538,2026.0
,idaho,Idaho,34,29,5,.853,6.59,-4.31,17,1,14,1,10,4,2622,2190,1365,973,2304,.422,227,736,.308,449,623,.721,525,1596,469,309,149,524,545,2026.0
,idaho-state,Idaho State,30,19,11,.633,0.63,-2.75,12,6,8,5,10,4,1969,1819,1205,728,1804,.404,135,447,.302,378,512,.738,385,1157,401,313,85,483,546,2026.0
,illinois,Illinois,32,21,11,.656,25.49,14.11,9,9,13,4,6,6,2479,2115,1280,902,1972,.457,200,554,.361,475,583,.815,351,1133,504,225,75,397,567,2026.0
,illinois-state,Illinois State,33,20,13,.606,1.31,-3.24,13,7,14,1,5,8,2399,2249,1350,854,1930,.442,194,618,.314,497,670,.742,348,1213,541,225,104,468,447,2026.0
,illinois-chicago,Illinois-Chicago,32,14,18,.438,-3.32,-3.45,9,11,8,8,5,9,2117,2113,1285,825,1874,.440,123,422,.291,344,510,.675,339,1098,414,219,76,412,509,2026.0
,incarnate-word,Incarnate Word,30,13,17,.433,-13.39,-5.78,11,11,8,6,5,10,1964,2146,1205,685,1712,.400,218,714,.305,376,528,.712,368,1074,348,195,65,510,525,2026.0
,indiana,Indiana,32,18,14,.563,17.10,15.88,6,12,12,5,4,7,2284,2245,1280,815,1731,.471,233,622,.375,421,526,.800,220,1039,402,152,46,495,597,2026.0
,indiana-state,Indiana State,32,10,22,.313,-14.38,-3.28,5,15,6,7,3,12,2387,2679,1280,832,2100,.396,173,628,.275,550,765,.719,435,1279,415,220,87,498,692,2026.0
,iona,Iona,32,20,12,.625,-13.21,-13.47,12,8,10,5,9,6,1931,1908,1290,709,1938,.366,175,638,.274,338,459,.736,422,1204,406,235,62,444,522,2026.0
,iowa,Iowa,32,26,6,.813,32.80,21.17,15,3,14,1,8,3,2459,2087,1285,938,1920,.489,219,605,.362,364,527,.691,336,1234,665,247,102,483,450,2026.0
,iowa-state,Iowa State,31,22,9,.710,24.80,9.64,10,8,15,3,5,5,2552,2082,1240,913,1907,.479,261,715,.365,465,628,.740,316,1177,621,197,75,394,482,2026.0
,iupui,IU Indy,31,14,17,.452,-8.44,-3.20,9,11,10,5,4,11,2054,2131,1250,702,1768,.397,169,609,.278,481,719,.669,341,1003,335,334,83,518,604,2026.0
,jackson-state,Jackson State,31,12,19,.387,-17.69,-10.46,10,8,5,8,6,10,1828,1968,1245,642,1813,.354,186,603,.308,358,522,.686,449,1180,365,253,41,580,596,2026.0
,jacksonville,Jacksonville,32,24,8,.750,0.52,-4.48,13,5,13,2,8,6,2334,2135,1295,789,1975,.399,156,524,.298,600,827,.726,385,1212,383,316,105,498,631,2026.0
,jacksonville-state,Jacksonville State,32,16,16,.500,-6.20,-5.20,9,9,10,4,5,10,2015,1902,1295,710,1836,.387,248,797,.311,347,496,.700,390,1210,333,185,89,460,441,2026.0
,james-madison,James Madison,34,26,8,.765,17.69,3.98,14,4,14,3,7,5,2542,2076,1370,959,2130,.450,216,685,.315,408,598,.682,457,1434,522,310,129,513,532,2026.0
,kansas,Kansas,32,19,13,.594,17.97,13.04,8,10,12,4,5,6,2297,2076,1290,817,1708,.478,184,535,.344,479,629,.762,276,1109,475,215,105,519,561,2026.0
,missouri-kansas-city,Kansas City,30,7,23,.233,-10.49,0.32,4,12,5,10,2,12,1997,2106,1215,766,1858,.412,157,465,.338,308,482,.639,394,1049,383,267,83,446,541,2026.0
,kansas-state,Kansas State,35,18,17,.514,17.37,14.75,8,10,7,8,6,6,2442,2350,1400,885,2056,.430,268,770,.348,404,569,.710,329,1170,517,341,87,513,614,2026.0
,kennesaw-state,Kennesaw State,30,13,17,.433,-7.86,-3.19,6,12,9,6,4,10,1859,1847,1210,708,1642,.431,112,374,.299,331,504,.657,336,1039,369,286,130,602,562,2026.0
,kent-state,Kent State,31,15,16,.484,-0.92,1.18,9,9,10,3,4,11,2138,2095,1240,735,1827,.402,164,560,.293,504,644,.783,430,1210,411,257,85,572,589,2026.0
,kentucky,Kentucky,33,23,10,.697,31.45,16.06,8,8,12,3,8,5,2496,1988,1320,921,2062,.447,281,847,.332,373,540,.691,417,1340,567,177,217,419,504,2026.0
,la-salle,La Salle,31,18,13,.581,-0.33,-0.03,10,8,8,6,9,5,2000,1976,1240,739,1865,.396,155,536,.289,367,524,.700,377,1134,438,306,114,498,502,2026.0
,lafayette,Lafayette,30,11,19,.367,-13.55,-9.55,7,11,5,7,6,12,1767,1887,1209,627,1635,.383,216,632,.342,297,382,.777,247,985,342,199,92,413,356,2026.0
,lamar,Lamar,30,20,10,.667,-4.58,-9.38,17,5,13,1,7,8,1927,1757,1215,684,1690,.405,154,470,.328,405,591,.685,421,1121,344,301,68,525,552,2026.0
,le-moyne,Le Moyne,33,12,21,.364,-25.76,-12.08,9,9,6,6,6,14,1853,2279,1330,637,1717,.371,209,663,.315,370,470,.787,316,1107,351,179,48,591,517,2026.0
,lehigh,Lehigh,30,17,13,.567,-5.06,-6.19,11,6,10,5,7,8,1988,1954,1210,674,1567,.430,255,775,.329,385,498,.773,250,877,441,234,45,476,438,2026.0
,liberty,Liberty,31,18,13,.581,1.71,0.02,11,7,9,5,6,5,1983,1860,1240,734,1719,.427,209,593,.352,306,444,.689,381,1190,418,205,92,522,507,2026.0
,lindenwood,Lindenwood,33,25,8,.758,5.83,-3.21,16,4,12,2,11,4,2411,2012,1320,875,1885,.464,277,737,.376,384,501,.766,326,1097,527,277,62,431,484,2026.0
,lipscomb,Lipscomb,30,10,20,.333,-10.51,-6.51,7,11,6,8,4,11,1833,1861,1205,639,1608,.397,215,706,.305,340,474,.717,259,1090,309,221,182,555,411,2026.0
,arkansas-little-rock,Little Rock,31,15,16,.484,-7.19,-2.44,11,9,9,6,5,9,1891,1950,1240,679,1824,.372,143,499,.287,390,542,.720,377,1145,316,222,77,471,563,2026.0
,long-beach-state,Long Beach State,30,5,25,.167,-17.36,-0.29,4,16,5,11,0,14,1677,2166,1205,603,1660,.363,168,597,.281,303,439,.690,294,1053,359,198,91,546,493,2026.0
,long-island-university,Long Island University,31,21,10,.677,-12.68,-18.57,14,4,10,4,11,6,2210,1920,1250,774,1833,.422,225,662,.340,437,598,.731,375,1200,429,228,130,506,535,2026.0
,longwood,Longwood,31,21,10,.677,-5.90,-10.36,11,5,12,3,6,6,2372,2036,1260,860,2124,.405,209,670,.312,443,608,.729,500,1268,452,424,71,534,477,2026.0
,louisiana-lafayette,Louisiana,31,5,26,.161,-17.02,0.74,2,16,2,12,2,11,1818,2300,1240,671,1879,.357,100,406,.246,376,524,.718,403,1114,284,259,54,579,571,2026.0
,louisiana-state,Louisiana State,32,27,5,.844,46.80,13.18,12,4,13,2,10,2,3023,1947,1280,1141,2261,.505,185,485,.381,556,756,.735,563,1553,586,366,180,475,532,2026.0
,louisiana-tech,Louisiana Tech,32,26,6,.813,8.82,-1.69,17,1,15,1,9,3,2341,1866,1285,844,1904,.443,235,678,.347,418,563,.742,425,1176,513,310,86,514,538,2026.0
,louisiana-monroe,Louisiana-Monroe,33,17,16,.515,0.47,0.10,7,11,10,5,4,10,2299,2237,1320,849,2144,.396,193,597,.323,408,601,.679,558,1359,436,337,61,571,614,2026.0
,louisville,Louisville,34,27,7,.794,33.52,14.35,15,3,14,5,9,0,2718,2066,1375,1036,2248,.461,263,761,.346,383,523,.732,475,1400,577,320,94,454,505,2026.0
,loyola-il,Loyola (IL),31,14,17,.452,-3.05,1.89,9,9,5,10,8,6,1754,1907,1240,655,1684,.389,142,536,.265,302,471,.641,312,956,365,259,94,488,537,2026.0
,loyola-md,Loyola (MD),30,12,18,.400,-11.83,-6.53,8,10,6,7,6,11,1652,1811,1210,611,1527,.400,126,426,.296,304,453,.671,314,983,366,220,64,510,516,2026.0
,loyola-marymount,Loyola Marymount,30,21,9,.700,5.20,-1.25,15,3,12,3,8,5,2128,1887,1225,784,1847,.424,157,501,.313,403,558,.722,381,1010,429,296,45,393,534,2026.0
,maine,Maine,32,19,13,.594,-1.81,-3.49,12,4,11,3,7,9,1973,1919,1280,737,1815,.406,183,634,.289,316,435,.726,287,1031,421,256,89,365,437,2026.0
,manhattan,Manhattan,31,11,20,.355,-13.91,-7.59,10,10,6,8,4,10,1790,1986,1245,660,1760,.375,109,424,.257,361,480,.752,377,1156,450,277,112,565,567,2026.0
,marist,Marist,31,11,20,.355,-15.43,-7.69,8,12,8,7,3,10,1811,2051,1270,634,1724,.368,201,622,.323,342,448,.763,281,1035,350,235,74,508,471,2026.0
,marquette,Marquette,30,18,12,.600,12.79,9.48,12,8,11,4,7,5,2030,1891,1210,759,1689,.449,212,591,.359,300,392,.765,303,1070,517,206,139,496,392,2026.0
,marshall,Marshall,32,23,9,.719,5.47,0.84,13,5,13,3,9,5,2325,2047,1300,825,1946,.424,286,882,.324,389,549,.709,405,1145,442,392,157,489,513,2026.0
,maryland,Maryland,31,23,8,.742,32.40,13.37,11,7,15,4,6,3,2550,1960,1265,929,2033,.457,214,650,.329,478,622,.768,486,1291,514,315,108,482,495,2026.0
,maryland-baltimore-county,Maryland-Baltimore County,30,16,14,.533,-4.99,-5.38,10,6,8,6,7,8,1879,1745,1235,667,1765,.378,137,470,.291,408,571,.715,408,1101,299,293,89,450,540,2026.0
,maryland-eastern-shore,Maryland-Eastern Shore,33,19,14,.576,-9.66,-6.99,11,3,10,3,8,7,2052,2066,1330,717,1890,.379,115,429,.268,503,708,.710,449,1237,349,337,90,678,693,2026.0
,massachusetts,Massachusetts,30,23,7,.767,5.27,-3.20,15,3,12,2,10,3,2065,1811,1200,786,1840,.427,166,536,.310,327,470,.696,387,1118,480,300,105,439,485,2026.0
,massachusetts-lowell,Massachusetts-Lowell,29,8,21,.276,-23.28,-6.63,2,14,5,8,3,13,1606,1925,1170,589,1616,.364,187,711,.263,241,343,.703,360,1007,277,168,85,490,425,2026.0
,mcneese-state,McNeese State,33,28,5,.848,5.29,-7.52,21,1,12,1,13,2,2277,1745,1325,862,2105,.410,174,520,.335,379,523,.725,412,1102,474,499,41,351,605,2026.0
,memphis,Memphis,31,10,21,.323,-4.41,0.79,4,14,7,8,3,11,2025,2137,1270,783,2019,.388,122,496,.246,337,569,.592,360,1185,391,337,131,520,648,2026.0
,mercer,Mercer,30,17,13,.567,-10.75,-10.32,7,7,9,4,7,8,1904,1851,1205,662,1743,.380,160,509,.314,420,565,.743,363,1075,344,278,105,454,490,2026.0
,mercyhurst,Mercyhurst,31,15,16,.484,-20.87,-11.84,14,4,7,8,8,8,2006,2286,1245,678,1751,.387,285,864,.330,365,482,.757,297,882,388,246,33,463,552,2026.0
,merrimack,Merrimack,31,19,12,.613,-8.15,-10.49,15,5,11,3,7,8,2092,1971,1250,766,1887,.406,211,695,.304,349,488,.715,397,1217,452,270,120,537,516,2026.0
,miami-fl,Miami (FL),31,17,14,.548,16.88,12.23,8,10,10,6,4,5,2180,2036,1255,823,1880,.438,179,596,.300,355,531,.669,358,1192,412,213,83,439,495,2026.0
,miami-oh,Miami (OH),34,28,6,.824,8.55,-1.86,16,2,14,0,10,5,2414,1988,1365,862,1934,.446,292,827,.353,398,524,.760,303,1135,544,362,127,530,607,2026.0
,michigan,Michigan,31,25,6,.806,39.54,18.86,15,3,14,1,8,2,2593,1952,1260,977,2081,.469,207,620,.334,432,636,.679,475,1252,536,353,110,461,579,2026.0
,michigan-state,Michigan State,30,22,8,.733,32.22,15.09,11,7,11,4,7,3,2491,1977,1205,916,1906,.481,226,613,.369,433,600,.722,365,1059,545,347,120,389,482,2026.0
,middle-tennessee,Middle Tennessee,31,16,15,.516,0.39,-0.97,11,7,9,5,6,8,1919,1877,1250,662,1655,.400,220,670,.328,375,494,.759,334,1076,316,238,85,528,523,2026.0
,milwaukee,Milwaukee,32,8,24,.250,-14.56,-4.39,4,16,5,11,3,12,1939,2191,1295,685,1742,.393,217,663,.327,352,507,.694,289,1136,391,190,92,518,571,2026.0
,minnesota,Minnesota,30,22,8,.733,32.28,15.28,13,5,13,3,8,3,2248,1738,1210,863,1919,.450,197,568,.347,325,433,.751,396,1180,495,257,79,328,411,2026.0
,mississippi,Mississippi,34,23,11,.676,28.39,14.95,8,8,12,2,4,6,2565,2108,1365,916,2117,.433,175,595,.294,558,754,.740,517,1359,483,275,167,484,586,2026.0
,mississippi-state,Mississippi State,31,18,13,.581,20.23,12.52,5,11,13,5,3,7,2320,2081,1240,855,1951,.438,183,572,.320,427,590,.724,434,1295,436,253,146,480,490,2026.0
,mississippi-valley-state,Mississippi Valley State,31,8,23,.258,-29.28,-10.83,6,12,4,6,3,16,1843,2415,1247,628,1844,.341,131,575,.228,456,702,.650,428,1209,304,275,119,675,671,2026.0
,missouri,Missouri,32,16,16,.500,11.38,15.53,4,12,9,8,4,6,2318,2451,1285,791,1819,.435,271,776,.349,465,597,.779,252,1159,405,203,92,518,467,2026.0
,missouri-state,Missouri State,34,22,12,.647,3.78,-0.90,11,7,10,5,7,6,2233,2074,1365,770,1897,.406,142,476,.298,551,738,.747,402,1345,416,249,95,603,586,2026.0
,monmouth,Monmouth,31,20,11,.645,-6.35,-7.96,12,6,10,5,9,5,1967,1801,1260,720,1772,.406,164,599,.274,363,538,.675,423,1178,361,244,108,507,501,2026.0
,montana,Montana,31,9,22,.290,-9.73,1.20,5,13,3,10,4,10,1924,2215,1255,680,1769,.384,283,908,.312,281,365,.770,188,975,343,202,86,447,467,2026.0
,montana-state,Montana State,32,25,7,.781,10.61,-0.46,16,2,13,0,9,5,2382,1959,1295,892,2151,.415,242,812,.298,356,541,.658,453,1166,480,489,120,491,574,2026.0
,morehead-state,Morehead State,32,18,14,.563,-5.18,-2.89,13,7,11,4,7,9,2083,2075,1280,725,1758,.412,251,816,.308,382,544,.702,271,1047,456,303,80,520,579,2026.0
,morgan-state,Morgan State,31,5,26,.161,-22.94,-4.08,3,10,3,8,2,14,1695,2219,1245,578,1662,.348,136,456,.298,403,575,.701,303,986,322,249,69,575,542,2026.0
,mount-st-marys,Mount St. Mary's,30,15,15,.500,-13.61,-11.31,11,9,9,5,6,9,1803,1872,1210,660,1764,.374,163,587,.278,320,484,.661,377,1135,363,310,98,532,570,2026.0
,murray-state,Murray State,33,30,3,.909,8.31,-3.06,19,1,14,0,12,3,2837,2416,1340,951,2162,.440,271,870,.311,664,827,.803,412,1360,482,221,82,432,524,2026.0
,navy,Navy,30,22,8,.733,0.98,-7.88,15,2,13,4,9,4,2105,1813,1220,783,1878,.417,218,713,.306,321,462,.695,367,1170,456,239,87,391,494,2026.0
,north-carolina-state,NC State,30,20,10,.667,26.45,15.72,13,5,10,4,7,4,2316,1994,1215,893,1988,.449,181,574,.315,349,458,.762,360,1292,432,205,106,372,364,2026.0
,nebraska,Nebraska,30,18,12,.600,27.38,15.75,7,11,13,4,2,7,2380,2031,1200,880,1848,.476,232,663,.350,388,493,.787,315,999,551,260,107,414,496,2026.0
,nevada,Nevada,31,10,21,.323,-5.01,0.39,6,14,8,6,2,11,1770,1915,1250,680,1742,.390,98,427,.230,312,503,.620,363,1130,332,220,82,496,476,2026.0
,nevada-las-vegas,Nevada-Las Vegas,32,21,11,.656,8.70,2.86,15,5,12,3,8,7,2197,2010,1285,796,1888,.422,225,665,.338,380,513,.741,340,1241,429,197,106,419,405,2026.0
,new-hampshire,New Hampshire,30,10,20,.333,-13.00,-5.36,4,12,7,6,3,14,1675,1802,1210,616,1574,.391,142,504,.282,301,404,.745,234,992,293,221,80,462,450,2026.0
,new-haven,New Haven,29,7,22,.241,-23.38,-16.53,5,13,6,10,1,12,1694,1774,1170,627,1639,.383,147,509,.289,293,407,.720,402,1105,380,247,61,506,457,2026.0
,new-mexico,New Mexico,32,22,10,.688,5.33,-1.33,14,6,12,4,9,4,2156,1943,1280,798,1975,.404,242,787,.307,318,471,.675,423,1275,385,299,84,472,491,2026.0
,new-mexico-state,New Mexico State,30,9,21,.300,-13.80,-1.06,5,13,7,7,2,12,1711,2002,1210,673,1676,.402,109,402,.271,256,408,.627,298,1041,351,282,100,633,609,2026.0
,new-orleans,New Orleans,30,3,27,.100,-24.92,-4.89,3,19,1,13,2,14,1841,2430,1206,662,1896,.349,143,583,.245,374,542,.690,401,1095,349,247,78,579,575,2026.0
,niagara,Niagara,29,1,28,.034,-33.18,-7.46,1,19,1,11,0,17,1492,2238,1160,538,1654,.325,118,456,.259,298,473,.630,360,916,255,311,85,677,600,2026.0
,nicholls-state,Nicholls State,31,15,16,.484,-10.91,-11.21,10,12,8,6,6,9,2001,1945,1240,711,1840,.386,123,504,.244,456,633,.720,393,1141,355,328,81,471,561,2026.0
,njit,NJIT,30,18,12,.600,-4.54,-7.37,9,7,9,6,9,6,1973,1888,1200,756,1687,.448,199,610,.326,262,402,.652,309,1096,377,206,148,456,437,2026.0
,norfolk-state,Norfolk State,32,18,14,.563,-5.36,-6.33,11,3,9,3,7,10,2039,1858,1280,736,1967,.374,184,642,.287,383,550,.696,397,1207,386,396,158,544,519,2026.0
,north-alabama,North Alabama,31,17,14,.548,-8.26,-6.78,11,7,10,4,6,9,2004,1985,1265,765,1893,.404,179,632,.283,295,440,.670,358,1222,443,211,107,494,522,2026.0
,north-carolina,North Carolina,33,26,7,.788,29.06,12.61,14,4,13,2,8,3,2489,1946,1340,945,2074,.456,277,767,.361,322,465,.692,410,1304,527,292,118,464,538,2026.0
,north-carolina-at,North Carolina A&T,30,12,18,.400,-9.93,-2.85,7,11,8,7,4,10,1881,1890,1230,653,1637,.399,153,519,.295,422,634,.666,390,1179,390,216,107,602,469,2026.0
,north-carolina-central,North Carolina Central,29,9,20,.310,-18.01,-6.82,5,9,7,7,2,12,1808,1995,1164,633,1735,.365,143,467,.306,399,651,.613,353,1097,332,310,89,638,638,2026.0
,north-dakota,North Dakota,31,7,24,.226,-18.89,-1.39,3,13,6,10,1,11,1825,2238,1240,619,1631,.380,210,778,.270,377,504,.748,209,1077,344,163,80,602,508,2026.0
,north-dakota-state,North Dakota State,32,28,4,.875,14.78,-4.12,15,1,11,2,12,0,2535,1886,1285,895,1856,.482,201,558,.360,544,708,.768,337,1171,434,221,120,367,517,2026.0
,north-florida,North Florida,30,9,21,.300,-13.47,-4.00,4,14,5,8,4,12,1867,2115,1205,690,1749,.395,194,683,.284,293,410,.715,312,1006,383,252,78,560,540,2026.0
,north-texas,North Texas,33,19,14,.576,7.88,2.72,11,7,10,7,6,5,2330,2048,1330,841,2053,.410,181,531,.341,467,673,.694,479,1359,395,288,89,550,628,2026.0
,northeastern,Northeastern,29,7,22,.241,-14.51,-7.82,3,15,3,10,4,11,1758,1952,1185,641,1625,.394,125,434,.288,351,501,.701,348,1019,315,225,60,506,502,2026.0
,northern-arizona,Northern Arizona,32,10,22,.313,-8.88,-0.75,6,12,5,8,5,11,2221,2382,1285,775,1947,.398,209,630,.332,462,637,.725,341,1190,415,297,82,536,562,2026.0
,northern-colorado,Northern Colorado,32,22,10,.688,0.26,-3.50,13,5,11,4,10,5,2191,1909,1289,780,1880,.415,196,660,.297,435,580,.750,448,1216,411,357,83,577,596,2026.0
,northern-illinois,Northern Illinois,30,7,23,.233,-14.46,-3.06,4,14,5,8,2,15,1726,2068,1205,592,1519,.390,142,477,.298,400,588,.680,254,940,344,230,59,523,569,2026.0
,northern-iowa,Northern Iowa,32,18,14,.563,3.12,-0.42,13,7,8,5,8,8,2171,2058,1285,771,1850,.417,228,669,.341,401,569,.705,301,1204,425,233,132,450,506,2026.0
,northern-kentucky,Northern Kentucky,32,15,17,.469,-2.79,-1.41,12,8,7,7,7,9,2189,2233,1295,757,1942,.390,229,777,.295,446,594,.751,391,1230,367,217,90,494,559,2026.0
,northwestern,Northwestern,29,8,21,.276,6.14,16.65,2,16,6,9,1,11,1896,2201,1160,709,1668,.425,155,507,.306,323,451,.716,281,958,507,160,111,458,497,2026.0
,northwestern-state,Northwestern State,32,18,14,.563,-7.19,-5.85,14,8,9,4,8,7,2036,1947,1285,724,1838,.394,236,712,.331,352,503,.700,432,1277,404,210,74,570,528,2026.0
,notre-dame,Notre Dame,32,22,10,.688,27.79,14.79,12,6,14,2,6,6,2493,2077,1285,947,2034,.466,207,587,.353,392,498,.787,333,1094,462,428,101,414,494,2026.0
,oakland,Oakland,31,10,21,.323,-9.75,-0.01,7,13,5,7,5,12,1974,2208,1245,706,1786,.395,206,667,.309,356,491,.725,356,1119,384,176,101,505,488,2026.0
,ohio,Ohio,31,18,13,.581,0.19,-1.62,11,7,10,6,7,6,2301,2215,1260,780,1950,.400,308,956,.322,433,655,.661,382,1156,424,364,93,539,557,2026.0
,ohio-state,Ohio State,33,26,7,.788,32.61,17.09,13,5,14,3,7,3,2696,2184,1325,1004,2201,.456,266,767,.347,422,552,.764,384,1216,598,386,150,448,533,2026.0
,oklahoma,Oklahoma,31,24,7,.774,34.52,15.91,11,5,14,2,6,3,2687,2110,1247,1008,2238,.450,205,701,.292,466,641,.727,506,1506,620,311,156,505,581,2026.0
,oklahoma-state,Oklahoma State,32,23,9,.719,25.65,9.26,12,6,16,1,5,6,2607,2029,1280,946,2033,.465,296,844,.351,419,552,.759,413,1213,550,319,95,444,509,2026.0
,old-dominion,Old Dominion,32,18,14,.563,0.57,1.99,9,9,10,5,7,5,2221,2191,1305,809,2029,.399,163,567,.287,440,622,.707,485,1366,396,291,174,574,632,2026.0
,nebraska-omaha,Omaha,33,6,27,.182,-24.71,0.22,3,13,4,10,1,14,1784,2507,1320,613,1817,.337,234,785,.298,324,450,.720,351,1127,342,173,99,640,589,2026.0
,oral-roberts,Oral Roberts,30,15,15,.500,-3.46,-0.46,8,8,10,4,5,10,2285,2257,1205,836,1888,.443,175,506,.346,438,598,.732,303,1055,354,290,102,456,577,2026.0
,oregon,Oregon,34,22,12,.647,26.55,16.34,8,10,12,5,6,5,2541,2194,1380,937,2071,.452,228,666,.342,439,566,.776,344,1217,577,351,125,509,555,2026.0
,oregon-state,Oregon State,34,23,11,.676,9.51,4.60,13,5,13,4,6,4,2288,2074,1375,843,1930,.437,201,603,.333,401,588,.682,384,1375,443,216,143,497,395,2026.0
,pacific,Pacific,30,11,19,.367,-2.56,2.99,6,12,10,8,1,10,1968,2062,1200,702,1744,.403,218,677,.322,346,451,.767,357,1083,423,208,85,512,537,2026.0
,penn-state,Penn State,29,11,18,.379,9.97,17.77,4,14,6,8,3,8,2158,2384,1165,840,1822,.461,203,600,.338,275,409,.672,329,1062,475,242,76,530,542,2026.0
,pennsylvania,Pennsylvania,27,17,10,.630,2.38,-0.54,7,7,8,4,6,6,1744,1563,1095,634,1577,.402,191,615,.311,285,364,.783,318,992,400,220,106,391,379,2026.0
,pepperdine,Pepperdine,31,19,12,.613,3.53,0.05,10,8,13,3,6,8,2188,2056,1250,806,1817,.444,230,671,.343,346,459,.754,308,1203,498,197,94,511,467,2026.0
,pittsburgh,Pittsburgh,31,8,23,.258,-7.04,5.60,1,17,6,12,1,10,1877,2262,1240,713,1885,.378,150,524,.286,301,398,.756,340,1164,385,188,87,495,409,2026.0
,portland,Portland,32,18,14,.563,3.88,2.31,11,7,11,4,6,8,2210,2030,1285,813,1940,.419,229,678,.338,355,488,.727,335,1083,537,351,178,546,573,2026.0
,portland-state,Portland State,31,6,25,.194,-14.92,-2.32,2,16,5,10,1,14,1975,2316,1250,705,1788,.394,136,514,.265,429,598,.717,350,1101,361,186,85,529,534,2026.0
,prairie-view,Prairie View,30,2,28,.067,-33.07,-10.35,0,18,2,10,0,17,1635,2251,1191,567,1694,.335,156,608,.257,345,541,.638,281,1002,258,220,138,609,555,2026.0
,presbyterian,Presbyterian,30,3,27,.100,-34.25,-10.07,1,15,2,11,1,13,1614,2187,1200,582,1673,.348,108,435,.248,342,549,.623,384,981,237,274,70,638,618,2026.0
,princeton,Princeton,29,26,3,.897,16.10,3.58,12,2,11,1,11,2,2103,1740,1170,765,1687,.453,189,554,.341,384,500,.768,340,1006,415,279,99,378,394,2026.0
,providence,Providence,33,15,18,.455,3.27,7.18,7,13,11,7,2,9,1979,2108,1325,742,1910,.388,155,555,.279,340,506,.672,399,1215,380,292,101,546,515,2026.0
,purdue,Purdue,30,13,17,.433,12.63,15.43,5,13,11,6,2,10,2083,2167,1210,772,1795,.430,217,653,.332,322,435,.740,328,1033,456,235,80,469,552,2026.0
,ipfw,Purdue Fort Wayne,33,20,13,.606,2.11,-3.08,12,8,13,3,5,8,2335,2096,1330,862,1951,.442,236,741,.318,375,539,.696,255,1105,405,289,85,463,563,2026.0
,queens-nc,Queens (NC),30,10,20,.333,-20.04,-8.00,4,14,6,8,4,11,1780,2025,1200,641,1772,.362,202,649,.311,296,471,.628,342,1069,318,229,84,514,513,2026.0
,quinnipiac,Quinnipiac,32,26,6,.813,4.77,-10.95,19,1,10,4,14,1,2144,1641,1285,795,1846,.431,248,687,.361,306,400,.765,334,1140,511,267,62,383,453,2026.0
,radford,Radford,34,22,12,.647,-5.89,-10.58,12,4,12,3,7,7,2298,2063,1385,839,2128,.394,245,787,.311,375,562,.667,410,1329,466,301,109,512,545,2026.0
,rhode-island,Rhode Island,32,28,4,.875,13.88,1.34,16,2,14,1,11,3,2165,1720,1280,793,1865,.425,172,585,.294,407,528,.771,376,1232,414,216,104,366,440,2026.0
,rice,Rice,33,28,5,.848,11.27,0.79,17,1,14,1,11,2,2310,1964,1325,814,2042,.399,231,706,.327,451,553,.816,394,1281,466,241,112,442,555,2026.0
,richmond,Richmond,33,26,7,.788,17.32,3.72,15,3,13,1,9,4,2396,1947,1340,870,1899,.458,348,941,.370,308,387,.796,311,1172,532,249,95,463,413,2026.0
,rider,Rider,29,7,22,.241,-20.78,-11.82,5,15,4,9,3,13,1540,1800,1164,588,1639,.359,166,665,.250,198,318,.623,324,1033,384,229,85,497,496,2026.0
,robert-morris,Robert Morris,30,18,12,.600,-5.72,-6.61,11,9,10,4,8,8,1915,1812,1215,693,1672,.414,132,497,.266,397,516,.769,305,1144,377,178,105,477,510,2026.0
,rutgers,Rutgers,29,9,20,.310,2.45,13.90,1,17,8,10,1,10,1683,2015,1160,594,1622,.366,159,545,.292,336,501,.671,344,1017,335,223,105,484,487,2026.0
,sacramento-state,Sacramento State,33,15,18,.455,-4.26,-2.36,8,10,8,6,6,10,2088,2002,1325,782,1925,.406,226,722,.313,298,423,.704,412,1217,414,298,109,607,576,2026.0
,sacred-heart,Sacred Heart,31,13,18,.419,-14.89,-9.85,10,10,7,7,5,10,1764,1903,1250,620,1596,.388,139,462,.301,385,559,.689,349,1101,356,223,69,581,467,2026.0
,saint-francis-pa,Saint Francis (PA),30,3,27,.100,-28.56,-14.63,3,15,2,11,1,15,1704,2110,1200,618,1745,.354,155,598,.259,313,440,.711,340,1067,367,200,70,526,512,2026.0
,saint-josephs,Saint Joseph's,31,20,11,.645,7.86,2.51,10,8,11,5,8,5,2062,1814,1240,737,1707,.432,214,637,.336,374,524,.714,325,1083,512,254,87,447,465,2026.0
,saint-louis,Saint Louis,33,12,21,.364,-4.78,0.85,5,13,6,10,4,9,2120,2221,1325,746,1974,.378,161,606,.266,467,638,.732,428,1286,402,274,153,586,655,2026.0
,saint-marys-ca,Saint Mary's (CA),32,15,17,.469,-0.25,1.05,6,12,7,7,8,7,1918,1900,1300,745,1773,.420,130,455,.286,298,417,.715,359,1093,463,318,74,553,514,2026.0
,saint-peters,Saint Peter's,30,7,23,.233,-22.70,-9.29,6,14,2,12,5,10,1537,1874,1200,547,1602,.341,165,604,.273,278,438,.635,308,987,315,251,73,480,443,2026.0
,sam-houston-state,Sam Houston,30,18,12,.600,-0.96,-2.11,11,7,12,4,6,7,1966,1795,1205,722,1831,.394,115,418,.275,407,662,.615,440,1071,408,398,57,525,536,2026.0
,samford,Samford,34,16,18,.471,-12.35,-4.45,6,8,8,4,4,13,2048,2200,1365,713,1830,.390,286,875,.327,336,457,.735,289,1112,391,210,116,523,562,2026.0
,san-diego,San Diego,33,11,22,.333,-8.36,0.39,4,14,9,7,0,13,1896,2107,1320,693,1922,.361,154,572,.269,356,517,.689,448,1301,330,254,114,570,570,2026.0
,san-diego-state,San Diego State,30,25,5,.833,10.07,1.18,19,1,14,1,10,1,2119,1801,1204,775,1759,.441,256,709,.361,313,417,.751,266,1080,411,207,79,375,443,2026.0
,san-francisco,San Francisco,32,18,14,.563,0.19,1.55,9,9,9,7,6,6,2184,2186,1300,813,1994,.408,191,670,.285,367,525,.699,408,1270,509,290,76,584,574,2026.0
,san-jose-state,San Jose State,32,4,28,.125,-15.67,2.43,2,18,4,10,0,17,1786,2304,1280,608,1811,.336,222,810,.274,348,506,.688,303,1144,351,212,126,587,528,2026.0
,santa-clara,Santa Clara,33,24,9,.727,9.76,1.34,13,5,11,3,11,4,2660,2261,1325,927,2322,.399,315,1009,.312,491,665,.738,487,1403,530,317,176,377,545,2026.0
,seattle,Seattle,30,5,25,.167,-19.96,-0.54,1,17,4,10,0,14,1829,2278,1200,664,1748,.380,167,602,.277,334,422,.791,270,1008,323,202,81,529,496,2026.0
,seton-hall,Seton Hall,31,19,12,.613,13.44,9.67,12,8,10,5,8,6,2103,1986,1250,744,1830,.407,220,679,.324,395,521,.758,365,1136,407,284,74,475,436,2026.0
,siena,Siena,30,13,17,.433,-12.99,-13.32,11,9,7,6,6,10,1974,1964,1205,706,1862,.379,161,635,.254,401,546,.734,462,1229,404,266,89,555,544,2026.0
,south-alabama,South Alabama,34,16,18,.471,-1.13,-1.05,5,13,9,7,3,10,2289,2292,1365,827,2030,.407,231,725,.319,404,601,.672,492,1366,455,280,113,658,636,2026.0
,south-carolina,South Carolina,34,31,3,.912,47.61,19.26,15,1,16,0,11,1,2934,1970,1365,1115,2200,.507,206,555,.371,498,690,.722,447,1423,612,322,207,434,431,2026.0
,south-carolina-state,South Carolina State,30,5,25,.167,-31.53,-9.07,2,11,3,11,2,13,1616,2111,1206,601,1743,.345,147,554,.265,267,418,.639,315,953,303,319,70,627,565,2026.0
,south-carolina-upstate,South Carolina Upstate,32,12,20,.375,-21.43,-10.57,6,10,6,8,5,10,1851,2012,1290,683,1718,.398,199,570,.349,286,412,.694,412,1325,376,159,106,714,514,2026.0
,south-dakota,South Dakota,32,23,9,.719,2.09,-4.84,12,4,12,3,9,5,2250,1875,1285,805,1944,.414,176,567,.310,464,579,.801,368,1281,398,241,123,402,498,2026.0
,south-dakota-state,South Dakota State,33,27,6,.818,17.24,1.90,14,2,11,2,10,2,2527,2021,1320,929,1920,.484,234,666,.351,435,585,.744,338,1300,527,237,130,445,426,2026.0
,south-florida,South Florida,32,20,12,.625,11.88,7.94,13,5,14,3,5,5,2253,2127,1285,849,1951,.435,145,469,.309,410,559,.733,397,1291,507,204,130,494,555,2026.0
,southeast-missouri-state,Southeast Missouri State,32,14,18,.438,-7.59,-3.69,8,12,8,6,4,10,2137,2143,1280,757,1800,.421,176,594,.296,447,639,.700,292,1049,407,254,109,523,552,2026.0
,southeastern-louisiana,Southeastern Louisiana,29,5,24,.172,-21.71,-4.07,4,18,4,9,1,15,1717,2155,1170,610,1697,.359,177,595,.297,320,454,.705,338,955,306,233,51,442,487,2026.0
,southern,Southern,32,19,13,.594,-6.93,-7.30,12,6,9,2,7,11,1981,1891,1280,725,1893,.383,161,492,.327,370,618,.599,432,1118,401,369,111,549,679,2026.0
,southern-california,Southern California,30,17,13,.567,28.14,21.07,9,9,12,4,3,7,2098,1886,1200,765,1873,.408,220,726,.303,348,495,.703,372,1114,494,252,174,422,506,2026.0
,southern-illinois,Southern Illinois,30,10,20,.333,-11.54,-4.04,7,13,7,7,3,10,2008,2146,1200,758,1865,.406,113,388,.291,379,549,.690,370,1134,377,233,70,447,549,2026.0
,southern-illinois-edwardsville,SIU Edwardsville,32,16,16,.500,-7.95,-5.71,8,12,10,6,5,9,1988,1917,1290,726,1846,.393,221,712,.310,315,478,.659,379,1225,387,187,79,488,500,2026.0
,southern-indiana,Southern Indiana,31,21,10,.677,2.12,-4.10,14,6,12,3,8,6,2163,1817,1250,792,1932,.410,180,565,.319,399,531,.751,434,1255,399,311,81,452,498,2026.0
,southern-methodist,Southern Methodist,30,9,21,.300,-2.99,9.91,2,16,6,10,2,10,1854,2241,1200,666,1785,.373,180,574,.314,342,503,.680,349,1024,310,301,132,529,500,2026.0
,southern-mississippi,Southern Mississippi,31,15,16,.484,-2.47,0.16,8,10,10,5,5,8,2304,2294,1245,824,2018,.408,224,716,.313,432,573,.754,392,1190,348,236,70,421,499,2026.0
,southern-utah,Southern Utah,31,19,12,.613,-3.33,-3.18,11,7,13,1,5,10,2234,2097,1250,778,1839,.423,200,604,.331,478,655,.730,392,1290,467,144,121,483,526,2026.0
,st-bonaventure,St. Bonaventure,31,16,15,.516,-5.07,-4.30,7,11,8,5,6,9,1925,1900,1245,729,1748,.417,152,515,.295,315,435,.724,282,1068,351,251,91,478,483,2026.0
,st-johns-ny,St. John's (NY),33,22,11,.667,7.69,6.05,11,9,11,4,8,6,2061,2007,1320,749,1694,.442,183,609,.300,380,533,.713,290,1125,464,207,149,567,446,2026.0
,st-thomas-mn,St. Thomas,32,16,16,.500,-4.66,-2.66,8,8,10,8,5,6,2074,1989,1285,743,1725,.431,207,645,.321,381,549,.694,317,1090,437,262,143,508,513,2026.0
,stanford,Stanford,32,19,13,.594,19.61,11.67,8,10,11,6,6,5,2246,1992,1295,857,1987,.431,185,617,.300,347,443,.783,393,1290,402,247,112,467,462,2026.0
,stephen-f-austin,Stephen F. Austin,34,25,9,.735,-1.80,-9.08,16,6,13,3,8,5,2560,2257,1370,915,2077,.441,283,860,.329,447,602,.743,367,1340,578,310,170,609,563,2026.0
,stetson,Stetson,31,20,11,.645,-3.57,-4.99,12,6,10,3,7,7,2158,2001,1240,770,1801,.428,249,760,.328,369,539,.685,334,1124,435,224,84,436,534,2026.0
,stonehill,Stonehill,30,12,18,.400,-21.97,-15.18,8,10,8,6,3,12,1794,1946,1200,671,1679,.400,152,526,.289,300,400,.750,351,1085,411,188,69,527,429,2026.0
,stony-brook,Stony Brook,33,18,15,.545,-8.91,-5.51,12,6,13,1,4,11,1896,1894,1325,687,1784,.385,187,618,.303,335,492,.681,437,1190,395,280,91,577,473,2026.0
,syracuse,Syracuse,31,23,8,.742,20.55,9.49,12,6,15,3,6,3,2309,1966,1265,874,2059,.424,166,528,.314,395,544,.726,522,1308,454,328,168,489,481,2026.0
,tarleton-state,Tarleton State,31,14,17,.452,-4.91,-1.88,7,11,8,6,4,9,2009,2021,1260,738,1856,.398,178,577,.308,355,521,.681,380,1230,356,237,132,545,530,2026.0
,texas-christian,TCU,34,29,5,.853,32.08,10.81,15,3,18,0,7,3,2638,1915,1365,984,2091,.471,306,862,.355,364,472,.771,373,1403,567,248,176,469,532,2026.0
,temple,Temple,32,15,17,.469,3.48,4.45,8,10,9,5,4,9,2169,2200,1295,774,1976,.392,207,635,.326,414,574,.721,428,1232,424,289,57,546,568,2026.0
,tennessee,Tennessee,29,16,13,.552,28.00,20.44,8,8,9,4,7,6,2232,2013,1166,807,1953,.413,273,881,.310,345,515,.670,438,1142,396,302,105,450,555,2026.0
,tennessee-state,Tennessee State,29,5,24,.172,-19.03,-2.62,4,16,4,10,1,14,1710,2186,1160,613,1652,.371,135,474,.285,349,535,.652,322,1033,295,235,101,586,590,2026.0
,tennessee-tech,Tennessee Tech,29,15,14,.517,-5.77,-5.40,8,12,11,5,4,9,1920,1866,1170,660,1758,.375,199,622,.320,401,571,.702,439,1116,332,238,73,445,507,2026.0
,tennessee-martin,Tennessee-Martin,30,13,17,.433,-8.77,-3.96,9,11,9,5,4,11,1878,1890,1215,665,1636,.406,158,534,.296,390,533,.732,237,1008,346,260,91,468,484,2026.0
,texas,Texas,34,31,3,.912,46.51,18.19,13,3,18,0,7,3,2889,1926,1360,1129,2259,.500,146,431,.339,485,670,.724,497,1314,614,401,165,411,584,2026.0
,texas-am,Texas A&M,26,14,12,.538,16.04,18.24,7,9,8,5,4,5,1699,1756,1045,599,1535,.390,145,484,.300,356,525,.678,321,969,340,245,84,445,488,2026.0
,texas-am-corpus-christi,Texas A&M-Corpus Christi,29,6,23,.207,-20.88,-7.31,5,17,4,10,2,13,1642,1952,1160,566,1505,.376,170,569,.299,340,522,.651,329,1084,360,170,95,600,534,2026.0
,texas-southern,Texas Southern,31,10,21,.323,-22.34,-9.42,6,12,7,6,3,12,2053,2225,1240,729,1913,.381,164,661,.248,431,685,.629,439,1252,327,264,78,610,634,2026.0
,texas-state,Texas State,30,11,19,.367,-7.99,-1.31,7,11,7,8,4,10,1887,1986,1199,697,1723,.405,110,398,.276,383,548,.699,368,1128,335,254,109,599,547,2026.0
,texas-tech,Texas Tech,32,25,7,.781,24.62,10.71,12,6,15,2,7,4,2303,1858,1280,812,1829,.444,245,715,.343,434,573,.757,329,1117,466,318,185,508,604,2026.0
,texas-pan-american,Texas-Rio Grande Valley,33,20,13,.606,-6.60,-5.57,16,6,9,6,10,4,2192,2132,1335,768,1894,.405,198,608,.326,458,619,.740,410,1404,496,181,103,536,502,2026.0
,toledo,Toledo,32,17,15,.531,0.55,-0.96,9,9,10,5,5,9,2083,2024,1282,759,1802,.421,174,600,.290,391,534,.732,361,1191,415,239,73,570,535,2026.0
,towson,Towson,31,17,14,.548,-7.24,-5.81,10,8,11,4,6,9,2057,2037,1252,730,1894,.385,217,695,.312,380,549,.692,382,1185,401,207,105,447,523,2026.0
,troy,Troy,32,25,7,.781,10.34,0.12,15,3,13,1,9,5,2614,2227,1279,956,2311,.414,237,718,.330,465,650,.715,591,1609,509,308,145,544,557,2026.0
,tulane,Tulane,31,11,20,.355,-0.08,1.99,6,12,7,10,3,8,2015,2079,1255,735,1857,.396,168,611,.275,377,543,.694,389,1200,432,225,116,548,519,2026.0
,tulsa,Tulsa,31,19,12,.613,0.85,-1.09,11,7,12,3,7,6,2105,2045,1254,727,1760,.413,207,667,.310,444,632,.703,326,1142,399,270,108,593,578,2026.0
,alabama-birmingham,UAB,30,11,19,.367,-2.60,-0.98,4,14,7,9,3,9,2047,2097,1215,757,1743,.434,241,684,.352,292,397,.736,238,1050,435,156,49,479,483,2026.0
,california-davis,UC Davis,33,23,10,.697,-0.87,-3.22,15,5,11,3,9,6,2265,2123,1340,789,1920,.411,284,921,.308,403,531,.759,314,1269,481,246,81,502,481,2026.0
,california-irvine,UC Irvine,32,26,6,.813,7.62,-5.82,17,3,14,1,10,4,2285,1855,1285,725,1814,.400,278,779,.357,557,693,.804,357,1214,420,301,74,403,532,2026.0
,california-riverside,UC Riverside,32,11,21,.344,-6.28,-1.81,8,12,5,9,5,11,2009,2085,1285,708,1835,.386,216,749,.288,377,520,.725,314,1107,418,278,76,499,545,2026.0
,california-san-diego,UC San Diego,32,24,8,.750,3.73,-4.21,17,3,11,4,11,4,2275,1981,1300,843,1975,.427,200,643,.311,389,543,.716,301,1115,458,341,93,413,485,2026.0
,california-santa-barbara,UC Santa Barbara,30,20,10,.667,1.24,-4.04,12,8,9,4,10,5,1985,1796,1196,701,1674,.419,264,789,.335,319,439,.727,239,1064,390,153,95,417,472,2026.0
,central-florida,UCF,30,11,19,.367,4.46,8.73,3,15,7,10,2,7,1888,2016,1210,698,1682,.415,99,384,.258,393,540,.728,330,1067,344,201,113,529,453,2026.0
,ucla,UCLA,32,31,1,.969,48.98,20.86,18,0,14,0,9,0,2724,1824,1280,1049,2045,.513,242,645,.375,384,491,.782,447,1354,714,274,137,406,450,2026.0
,north-carolina-asheville,UNC Asheville,30,12,18,.400,-19.27,-13.71,7,9,6,10,6,7,1843,1821,1205,657,1746,.376,160,564,.284,369,587,.629,455,1233,379,252,103,629,551,2026.0
,north-carolina-greensboro,UNC Greensboro,30,14,16,.467,-12.01,-9.01,4,10,10,4,4,11,1876,1665,1200,680,1781,.382,218,689,.316,298,399,.747,381,1103,399,266,88,432,451,2026.0
,north-carolina-wilmington,UNC Wilmington,31,7,24,.226,-18.64,-7.87,2,16,5,8,1,15,1819,2103,1245,654,1676,.390,177,567,.312,334,480,.696,324,1073,324,246,86,608,495,2026.0
,texas-arlington,UT Arlington,33,12,21,.364,-6.48,-0.24,4,14,7,6,1,13,2020,2226,1335,719,1812,.397,117,381,.307,465,690,.674,335,1157,402,300,168,668,654,2026.0
,utah,Utah,31,19,12,.613,16.06,13.79,10,8,10,6,9,3,2117,2023,1245,753,1758,.428,273,797,.343,338,458,.738,322,1193,504,203,78,545,475,2026.0
,utah-state,Utah State,30,6,24,.200,-10.81,0.88,2,18,5,9,1,14,1769,2053,1205,637,1700,.375,177,653,.271,318,424,.750,252,969,321,219,64,471,453,2026.0
,dixie-state,Utah Tech,29,9,20,.310,-8.40,-3.75,4,14,9,8,0,11,1843,1962,1169,639,1686,.379,234,786,.298,331,478,.692,251,1081,382,187,99,492,506,2026.0
,utah-valley,Utah Valley,30,16,14,.533,-2.31,-2.38,9,9,11,4,5,9,1908,1817,1210,659,1684,.391,171,521,.328,419,582,.720,304,936,422,461,91,528,529,2026.0
,texas-el-paso,UTEP,30,13,17,.433,-10.70,-3.74,5,13,10,7,3,9,1983,2094,1220,719,1870,.384,170,572,.297,375,540,.694,434,1167,346,264,62,507,526,2026.0
,texas-san-antonio,UTSA,33,18,15,.545,4.47,3.54,9,9,8,5,5,9,1979,1907,1320,733,1859,.394,143,488,.293,370,533,.694,420,1328,441,241,116,600,522,2026.0
,valparaiso,Valparaiso,32,0,32,.000,-28.46,-2.52,0,20,0,13,0,16,1778,2608,1285,631,1925,.328,188,751,.250,328,494,.664,315,1186,337,182,87,600,599,2026.0
,vanderbilt,Vanderbilt,31,27,4,.871,34.31,15.15,13,3,16,0,7,2,2625,2031,1240,952,2030,.469,300,824,.364,421,550,.765,413,1118,596,347,120,406,465,2026.0
,vermont,Vermont,34,27,7,.794,4.72,-5.91,13,3,14,2,12,4,2236,1755,1370,870,1912,.455,209,615,.340,287,393,.730,311,1132,404,223,106,360,427,2026.0
,villanova,Villanova,32,25,7,.781,21.74,11.27,16,4,12,3,10,3,2299,1964,1280,875,1998,.438,276,798,.346,273,349,.782,308,1127,573,316,126,429,513,2026.0
,virginia,Virginia,30,19,11,.633,20.69,9.73,11,7,12,5,6,4,2258,1929,1230,843,1898,.444,192,600,.320,380,535,.710,439,1275,516,249,200,422,492,2026.0
,virginia-commonwealth,Virginia Commonwealth,31,8,23,.258,-6.09,4.52,4,14,7,6,1,10,1759,2088,1240,664,1790,.371,171,609,.281,260,399,.652,357,1120,370,268,50,559,535,2026.0
,virginia-tech,Virginia Tech,32,23,9,.719,20.55,8.95,12,6,14,4,7,3,2332,1961,1290,852,2086,.408,175,569,.308,453,610,.743,448,1295,497,251,154,431,541,2026.0
,wagner,Wagner,30,13,17,.433,-21.16,-15.12,9,9,8,7,5,10,1709,1789,1200,637,1668,.382,97,402,.241,338,541,.625,356,1067,331,292,95,548,617,2026.0
,wake-forest,Wake Forest,31,14,17,.452,5.53,6.37,4,14,8,10,3,6,2038,2064,1270,775,1735,.447,206,608,.339,282,426,.662,249,1076,530,221,91,513,426,2026.0
,washington,Washington,31,21,10,.677,26.20,16.71,10,8,13,4,7,5,2223,1929,1260,847,1886,.449,229,674,.340,300,411,.730,385,1209,437,214,125,468,490,2026.0
,washington-state,Washington State,34,9,25,.265,-3.94,5.70,6,12,3,11,3,10,2161,2489,1365,823,1989,.414,200,689,.290,315,419,.752,332,1157,503,218,87,545,596,2026.0
,weber-state,Weber State,33,11,22,.333,-8.00,-0.40,4,14,7,8,2,13,2108,2221,1330,738,1844,.400,243,743,.327,389,510,.763,266,1148,452,269,126,589,555,2026.0
,west-georgia,West Georgia,31,18,13,.581,-7.82,-8.41,10,8,12,3,5,9,2263,2116,1270,772,1835,.421,265,803,.330,454,645,.704,364,1188,349,248,75,534,540,2026.0
,west-virginia,West Virginia,33,27,6,.818,31.92,13.74,14,4,14,3,8,2,2517,1917,1320,906,1986,.456,222,640,.347,483,685,.705,423,1207,495,371,76,510,511,2026.0
,western-carolina,Western Carolina,29,3,26,.103,-22.63,-6.01,0,14,3,11,0,12,1625,1928,1159,550,1536,.358,152,523,.291,371,508,.730,326,1004,307,201,91,573,495,2026.0
,western-illinois,Western Illinois,31,26,5,.839,6.06,-6.30,16,4,15,1,9,4,2352,1863,1250,841,1812,.464,163,466,.350,507,647,.784,266,1102,391,249,101,358,423,2026.0
,western-kentucky,Western Kentucky,29,8,21,.276,-11.40,-1.90,4,14,5,9,3,12,1665,1883,1165,621,1558,.399,169,581,.291,254,365,.696,237,882,339,262,118,496,410,2026.0
,western-michigan,Western Michigan,29,9,20,.310,-9.88,-0.67,5,13,5,9,4,11,1631,1901,1165,578,1550,.373,195,675,.289,280,435,.644,262,951,342,178,69,512,476,2026.0
,wichita-state,Wichita State,31,8,23,.258,-7.98,0.62,5,13,6,11,2,10,1874,2078,1250,692,1784,.388,143,531,.269,347,529,.656,364,1135,368,254,98,553,592,2026.0
,william-mary,William & Mary,31,17,14,.548,-7.20,-6.86,9,9,5,8,10,5,1889,1880,1245,713,1806,.395,154,562,.274,309,433,.714,358,1118,438,274,98,482,517,2026.0
,winthrop,Winthrop,32,15,17,.469,-15.50,-9.33,7,9,8,5,5,10,2116,2141,1280,777,1893,.410,138,514,.268,424,630,.673,383,1113,350,370,85,568,553,2026.0
,wisconsin,Wisconsin,30,13,17,.433,11.89,16.49,5,13,11,5,2,9,2056,2194,1220,761,1824,.417,254,739,.344,280,371,.755,350,1042,447,228,117,493,554,2026.0
,wofford,Wofford,29,16,13,.552,-7.78,-7.28,10,4,9,4,7,8,1908,1764,1160,698,1753,.398,181,612,.296,331,436,.759,347,1156,316,137,79,373,419,2026.0
,wright-state,Wright State,32,10,22,.313,-13.34,-4.97,6,14,7,7,3,14,2091,2229,1295,750,1916,.391,255,733,.348,336,473,.710,324,1094,390,230,53,454,563,2026.0
,wyoming,Wyoming,30,10,20,.333,-5.90,1.86,7,13,8,6,2,13,1660,1848,1210,637,1596,.399,184,633,.291,202,283,.714,197,1003,420,154,119,459,384,2026.0
,xavier,Xavier,30,11,19,.367,-1.25,6.95,4,16,8,9,3,9,1751,1997,1200,661,1682,.393,171,604,.283,258,356,.725,284,998,402,176,96,510,493,2026.0
,yale,Yale,27,7,20,.259,-12.00,-2.33,3,11,3,9,4,11,1566,1827,1095,604,1547,.390,96,317,.303,262,357,.734,322,973,343,210,130,486,515,2026.0
,youngstown-state,Youngstown State,33,24,9,.727,0.31,-4.98,15,5,11,4,11,4,2216,1904,1330,818,1904,.430,223,717,.311,357,480,.744,303,1215,514,261,165,467,505,2026.0
