,TeamID,yr,school,pct_win_rd,rd
0,1103,2022,akron,9.1,1
1,1103,2022,akron,3.2,2
2,1103,2022,akron,0.8,3
3,1103,2022,akron,0.3,4
4,1103,2022,akron,0.1,5
5,1103,2022,akron,0.1,6
6,1104,2021,alabama,93.9,1
7,1104,2021,alabama,74.2,2
8,1104,2021,alabama,46.1,3
9,1104,2021,alabama,23.1,4
10,1104,2021,alabama,6.6,5
11,1104,2021,alabama,3.0,6
12,1104,2022,alabama,71.4,1
13,1104,2022,alabama,21.8,2
14,1104,2022,alabama,7.3,3
15,1104,2022,alabama,1.8,4
16,1104,2022,alabama,0.7,5
17,1104,2022,alabama,0.4,6
18,1112,2022,arizona,96.9,1
19,1112,2022,arizona,88.9,2
20,1112,2022,arizona,67.3,3
21,1112,2022,arizona,43.4,4
22,1112,2022,arizona,29.9,5
23,1112,2022,arizona,13.4,6
24,1116,2021,arkansas,84.6,1
25,1116,2021,arkansas,52.0,2
26,1116,2021,arkansas,20.5,3
27,1116,2021,arkansas,6.9,4
28,1116,2021,arkansas,2.5,5
29,1116,2021,arkansas,0.9,6
30,1116,2022,arkansas,76.9,1
31,1116,2022,arkansas,46.6,2
32,1116,2022,arkansas,8.5,3
33,1116,2022,arkansas,3.8,4
34,1116,2022,arkansas,1.6,5
35,1116,2022,arkansas,0.8,6
36,1120,2022,auburn,95.0,1
37,1120,2022,auburn,78.1,2
38,1120,2022,auburn,52.5,3
39,1120,2022,auburn,23.7,4
40,1120,2022,auburn,10.4,5
41,1120,2022,auburn,4.3,6
42,1124,2021,baylor,96.6,1
43,1124,2021,baylor,81.7,2
44,1124,2021,baylor,68.0,3
45,1124,2021,baylor,47.8,4
46,1124,2021,baylor,26.8,5
47,1124,2021,baylor,10.4,6
48,1124,2022,baylor,96.3,1
49,1124,2022,baylor,78.7,2
50,1124,2022,baylor,53.8,3
51,1124,2022,baylor,28.6,4
52,1124,2022,baylor,10.5,5
53,1124,2022,baylor,5.4,6
54,1129,2022,boise state,37.8,1
55,1129,2022,boise state,3.0,2
56,1129,2022,boise state,1.2,3
57,1129,2022,boise state,0.5,4
58,1129,2022,boise state,0.2,5
59,1129,2022,boise state,0.1,6
60,1140,2021,byu,65.8,1
61,1140,2021,byu,20.5,2
62,1140,2021,byu,6.9,3
63,1140,2021,byu,2.1,4
64,1140,2021,byu,0.6,5
65,1140,2021,byu,0.3,6
66,1151,2022,chattanooga,16.6,1
67,1151,2022,chattanooga,5.0,2
68,1151,2022,chattanooga,1.1,3
69,1151,2022,chattanooga,0.4,4
70,1151,2022,chattanooga,0.2,5
71,1151,2022,chattanooga,0.1,6
72,1155,2021,clemson,57.5,1
73,1155,2021,clemson,12.0,2
74,1155,2021,clemson,4.4,3
75,1155,2021,clemson,1.4,4
76,1155,2021,clemson,0.5,5
77,1155,2021,clemson,0.2,6
78,1156,2021,cleveland state,5.1,1
79,1156,2021,cleveland state,2.0,2
80,1156,2021,cleveland state,1.0,3
81,1156,2021,cleveland state,0.3,4
82,1156,2021,cleveland state,0.2,5
83,1156,2021,cleveland state,0.1,6
84,1159,2021,colgate,15.4,1
85,1159,2021,colgate,5.2,2
86,1159,2021,colgate,1.6,3
87,1159,2021,colgate,0.5,4
88,1159,2021,colgate,0.2,5
89,1159,2021,colgate,0.1,6
90,1159,2022,colgate,11.5,1
91,1159,2022,colgate,3.9,2
92,1159,2022,colgate,1.0,3
93,1159,2022,colgate,0.4,4
94,1159,2022,colgate,0.1,5
95,1159,2022,colgate,0.1,6
96,1160,2021,colorado,57.1,1
97,1160,2021,colorado,23.6,2
98,1160,2021,colorado,6.5,3
99,1160,2021,colorado,2.5,4
100,1160,2021,colorado,0.7,5
101,1160,2021,colorado,0.3,6
102,1161,2022,colorado state,44.0,1
103,1161,2022,colorado state,9.3,2
104,1161,2022,colorado state,3.0,3
105,1161,2022,colorado state,0.8,4
106,1161,2022,colorado state,0.3,5
107,1161,2022,colorado state,0.1,6
108,1166,2021,creighton,72.3,1
109,1166,2021,creighton,31.9,2
110,1166,2021,creighton,4.0,3
111,1166,2021,creighton,1.6,4
112,1166,2021,creighton,0.7,5
113,1166,2021,creighton,0.3,6
114,1166,2022,creighton,50.6,1
115,1166,2022,creighton,5.2,2
116,1166,2022,creighton,2.1,3
117,1166,2022,creighton,0.8,4
118,1166,2022,creighton,0.3,5
119,1166,2022,creighton,0.1,6
120,1172,2022,davidson,40.1,1
121,1172,2022,davidson,7.0,2
122,1172,2022,davidson,2.0,3
123,1172,2022,davidson,0.5,4
124,1172,2022,davidson,0.2,5
125,1172,2022,davidson,0.1,6
126,1174,2022,delaware,5.1,1
127,1174,2022,delaware,2.0,2
128,1174,2022,delaware,0.9,3
129,1174,2022,delaware,0.3,4
130,1174,2022,delaware,0.1,5
131,1174,2022,delaware,0.1,6
132,1179,2021,drake,21.3,1
133,1179,2021,drake,4.7,2
134,1179,2021,drake,1.2,3
135,1179,2021,drake,0.4,4
136,1179,2021,drake,0.2,5
137,1179,2021,drake,0.1,6
138,1180,2021,drexel,3.7,1
139,1180,2021,drexel,1.6,2
140,1180,2021,drexel,0.9,3
141,1180,2021,drexel,0.5,4
142,1180,2021,drexel,0.3,5
143,1180,2021,drexel,0.2,6
144,1181,2022,duke,95.6,1
145,1181,2022,duke,77.7,2
146,1181,2022,duke,45.9,3
147,1181,2022,duke,17.2,4
148,1181,2022,duke,10.3,5
149,1181,2022,duke,6.3,6
150,1186,2021,e washington,7.9,1
151,1186,2021,e washington,2.5,2
152,1186,2021,e washington,0.7,3
153,1186,2021,e washington,0.3,4
154,1186,2021,e washington,0.1,5
155,1186,2021,e washington,0.1,6
156,1196,2021,florida,53.4,1
157,1196,2021,florida,10.6,2
158,1196,2021,florida,4.4,3
159,1196,2021,florida,1.4,4
160,1196,2021,florida,0.5,5
161,1196,2021,florida,0.3,6
162,1199,2021,florida state,89.1,1
163,1199,2021,florida state,59.1,2
164,1199,2021,florida state,20.8,3
165,1199,2021,florida state,8.9,4
166,1199,2021,florida state,2.2,5
167,1199,2021,florida state,0.9,6
168,1207,2021,georgetown,42.9,1
169,1207,2021,georgetown,14.0,2
170,1207,2021,georgetown,3.1,3
171,1207,2021,georgetown,1.2,4
172,1207,2021,georgetown,0.4,5
173,1207,2021,georgetown,0.2,6
174,1209,2022,georgia state,3.5,1
175,1209,2022,georgia state,1.6,2
176,1209,2022,georgia state,0.9,3
177,1209,2022,georgia state,0.5,4
178,1209,2022,georgia state,0.3,5
179,1209,2022,georgia state,0.2,6
180,1210,2021,georgia tech,43.9,1
181,1210,2021,georgia tech,5.3,2
182,1210,2021,georgia tech,2.3,3
183,1210,2021,georgia tech,1.0,4
184,1210,2021,georgia tech,0.4,5
185,1210,2021,georgia tech,0.2,6
186,1211,2021,gonzaga,97.4,1
187,1211,2021,gonzaga,91.3,2
188,1211,2021,gonzaga,81.8,3
189,1211,2021,gonzaga,65.7,4
190,1211,2021,gonzaga,51.8,5
191,1211,2021,gonzaga,34.4,6
192,1211,2022,gonzaga,96.6,1
193,1211,2022,gonzaga,90.4,2
194,1211,2022,gonzaga,78.7,3
195,1211,2022,gonzaga,58.4,4
196,1211,2022,gonzaga,41.8,5
197,1211,2022,gonzaga,27.2,6
198,1213,2021,grand canyon,5.8,1
199,1213,2021,grand canyon,2.3,2
200,1213,2021,grand canyon,1.1,3
201,1213,2021,grand canyon,0.3,4
202,1213,2021,grand canyon,0.2,5
203,1213,2021,grand canyon,0.1,6
204,1216,2021,hartford,3.4,1
205,1216,2021,hartford,1.4,2
206,1216,2021,hartford,0.8,3
207,1216,2021,hartford,0.4,4
208,1216,2021,hartford,0.2,5
209,1216,2021,hartford,0.1,6
210,1222,2021,houston,94.9,1
211,1222,2021,houston,78.2,2
212,1222,2021,houston,48.4,3
213,1222,2021,houston,17.6,4
214,1222,2021,houston,8.4,5
215,1222,2021,houston,3.3,6
216,1222,2022,houston,80.2,1
217,1222,2022,houston,43.2,2
218,1222,2022,houston,13.7,3
219,1222,2022,houston,7.0,4
220,1222,2022,houston,3.7,5
221,1222,2022,houston,1.5,6
222,1228,2021,illinois,96.3,1
223,1228,2021,illinois,85.6,2
224,1228,2021,illinois,68.4,3
225,1228,2021,illinois,52.0,4
226,1228,2021,illinois,31.5,5
227,1228,2021,illinois,15.2,6
228,1228,2022,illinois,83.5,1
229,1228,2022,illinois,45.9,2
230,1228,2022,illinois,12.2,3
231,1228,2022,illinois,5.5,4
232,1228,2022,illinois,2.4,5
233,1228,2022,illinois,1.0,6
234,1231,2022,indiana,30.7,1
235,1231,2022,indiana,7.3,2
236,1231,2022,indiana,1.8,3
237,1231,2022,indiana,0.7,4
238,1231,2022,indiana,0.3,5
239,1231,2022,indiana,0.2,6
240,1233,2021,iona,6.1,1
241,1233,2021,iona,2.3,2
242,1233,2021,iona,1.0,3
243,1233,2021,iona,0.3,4
244,1233,2021,iona,0.1,5
245,1233,2021,iona,0.1,6
246,1234,2021,iowa,94.2,1
247,1234,2021,iowa,77.6,2
248,1234,2021,iowa,51.6,3
249,1234,2021,iowa,14.4,4
250,1234,2021,iowa,8.1,5
251,1234,2021,iowa,3.7,6
252,1234,2022,iowa,85.6,1
253,1234,2022,iowa,60.9,2
254,1234,2022,iowa,21.4,3
255,1234,2022,iowa,12.2,4
256,1234,2022,iowa,4.0,5
257,1234,2022,iowa,1.6,6
258,1235,2022,iowa state,37.4,1
259,1235,2022,iowa state,10.0,2
260,1235,2022,iowa state,2.7,3
261,1235,2022,iowa state,0.7,4
262,1235,2022,iowa state,0.2,5
263,1235,2022,iowa state,0.1,6
264,1242,2021,kansas,92.1,1
265,1242,2021,kansas,64.5,2
266,1242,2021,kansas,28.5,3
267,1242,2021,kansas,7.5,4
268,1242,2021,kansas,3.9,5
269,1242,2021,kansas,1.9,6
270,1242,2022,kansas,96.6,1
271,1242,2022,kansas,87.5,2
272,1242,2022,kansas,64.9,3
273,1242,2022,kansas,42.8,4
274,1242,2022,kansas,19.3,5
275,1242,2022,kansas,8.4,6
276,1246,2022,kentucky,95.6,1
277,1246,2022,kentucky,83.3,2
278,1246,2022,kentucky,54.6,3
279,1246,2022,kentucky,31.8,4
280,1246,2022,kentucky,13.0,5
281,1246,2022,kentucky,6.9,6
282,1251,2021,liberty,15.7,1
283,1251,2021,liberty,5.5,2
284,1251,2021,liberty,1.1,3
285,1251,2021,liberty,0.4,4
286,1251,2021,liberty,0.2,5
287,1251,2021,liberty,0.1,6
288,1255,2022,longwood,6.3,1
289,1255,2022,longwood,2.4,2
290,1255,2022,longwood,0.8,3
291,1255,2022,longwood,0.3,4
292,1255,2022,longwood,0.1,5
293,1255,2022,longwood,0.1,6
294,1260,2021,loyola chicago,56.1,1
295,1260,2021,loyola chicago,7.5,2
296,1260,2021,loyola chicago,3.8,3
297,1260,2021,loyola chicago,1.6,4
298,1260,2021,loyola chicago,0.6,5
299,1260,2021,loyola chicago,0.3,6
300,1260,2022,loyola chicago,48.5,1
301,1260,2022,loyola chicago,10.7,2
302,1260,2022,loyola chicago,3.4,3
303,1260,2022,loyola chicago,1.0,4
304,1260,2022,loyola chicago,0.4,5
305,1260,2022,loyola chicago,0.2,6
306,1261,2021,lsu,64.4,1
307,1261,2021,lsu,12.4,2
308,1261,2021,lsu,5.8,3
309,1261,2021,lsu,2.1,4
310,1261,2021,lsu,0.6,5
311,1261,2021,lsu,0.3,6
312,1261,2022,lsu,62.6,1
313,1261,2022,lsu,23.2,2
314,1261,2022,lsu,7.5,3
315,1261,2022,lsu,2.5,4
316,1261,2022,lsu,0.8,5
317,1261,2022,lsu,0.3,6
318,1266,2022,marquette,33.7,1
319,1266,2022,marquette,4.9,2
320,1266,2022,marquette,1.9,3
321,1266,2022,marquette,0.7,4
322,1266,2022,marquette,0.2,5
323,1266,2022,marquette,0.1,6
324,1268,2021,maryland,43.6,1
325,1268,2021,maryland,8.6,2
326,1268,2021,maryland,3.0,3
327,1268,2021,maryland,0.8,4
328,1268,2021,maryland,0.3,5
329,1268,2021,maryland,0.1,6
330,1272,2022,memphis,62.2,1
331,1272,2022,memphis,5.1,2
332,1272,2022,memphis,2.3,3
333,1272,2022,memphis,0.9,4
334,1272,2022,memphis,0.4,5
335,1272,2022,memphis,0.2,6
336,1276,2021,michigan,96.9,1
337,1276,2021,michigan,81.2,2
338,1276,2021,michigan,60.2,3
339,1276,2021,michigan,37.8,4
340,1276,2021,michigan,13.7,5
341,1276,2021,michigan,7.8,6
342,1276,2022,michigan,56.0,1
343,1276,2022,michigan,12.8,2
344,1276,2022,michigan,4.1,3
345,1276,2022,michigan,1.5,4
346,1276,2022,michigan,0.7,5
347,1276,2022,michigan,0.4,6
348,1277,2022,michigan state,59.9,1
349,1277,2022,michigan state,13.5,2
350,1277,2022,michigan state,5.3,3
351,1277,2022,michigan state,1.5,4
352,1277,2022,michigan state,0.7,5
353,1277,2022,michigan state,0.4,6
354,1281,2021,missouri,42.9,1
355,1281,2021,missouri,3.2,2
356,1281,2021,missouri,1.4,3
357,1281,2021,missouri,0.6,4
358,1281,2021,missouri,0.3,5
359,1281,2021,missouri,0.1,6
360,1286,2022,montana state,7.8,1
361,1286,2022,montana state,2.7,2
362,1286,2022,montana state,0.7,3
363,1286,2022,montana state,0.3,4
364,1286,2022,montana state,0.1,5
365,1286,2022,montana state,0.1,6
366,1287,2021,morehead state,8.2,1
367,1287,2021,morehead state,2.5,2
368,1287,2021,morehead state,0.8,3
369,1287,2021,morehead state,0.3,4
370,1287,2021,morehead state,0.1,5
371,1287,2021,morehead state,0.1,6
372,1293,2022,murray state,68.2,1
373,1293,2022,murray state,10.7,2
374,1293,2022,murray state,4.0,3
375,1293,2022,murray state,1.4,4
376,1293,2022,murray state,0.4,5
377,1293,2022,murray state,0.2,6
378,1308,2022,new mexico st,19.7,1
379,1308,2022,new mexico st,4.9,2
380,1308,2022,new mexico st,0.8,3
381,1308,2022,new mexico st,0.3,4
382,1308,2022,new mexico st,0.1,5
383,1308,2022,new mexico st,0.1,6
384,1313,2021,norfolk st,2.7,1
385,1313,2021,norfolk st,1.2,2
386,1313,2021,norfolk st,0.7,3
387,1313,2021,norfolk st,0.4,4
388,1313,2021,norfolk st,0.2,5
389,1313,2021,norfolk st,0.1,6
390,1313,2022,norfolk state,3.8,1
391,1313,2022,norfolk state,1.5,2
392,1313,2022,norfolk state,0.8,3
393,1313,2022,norfolk state,0.5,4
394,1313,2022,norfolk state,0.2,5
395,1313,2022,norfolk state,0.1,6
396,1314,2021,north carolina,53.6,1
397,1314,2021,north carolina,9.8,2
398,1314,2021,north carolina,5.5,3
399,1314,2021,north carolina,2.8,4
400,1314,2021,north carolina,1.4,5
401,1314,2021,north carolina,0.8,6
402,1314,2022,north carolina,66.3,1
403,1314,2022,north carolina,14.9,2
404,1314,2022,north carolina,7.1,3
405,1314,2022,north carolina,2.7,4
406,1314,2022,north carolina,1.1,5
407,1314,2022,north carolina,0.7,6
408,1317,2021,north texas,12.5,1
409,1317,2021,north texas,3.6,2
410,1317,2021,north texas,0.8,3
411,1317,2021,north texas,0.3,4
412,1317,2021,north texas,0.1,5
413,1317,2021,north texas,0.1,6
414,1323,2022,notre dame,28.6,1
415,1323,2022,notre dame,5.7,2
416,1323,2022,notre dame,1.4,3
417,1323,2022,notre dame,0.4,4
418,1323,2022,notre dame,0.2,5
419,1323,2022,notre dame,0.1,6
420,1325,2021,ohio,23.2,1
421,1325,2021,ohio,10.1,2
422,1325,2021,ohio,1.1,3
423,1325,2021,ohio,0.4,4
424,1325,2021,ohio,0.2,5
425,1325,2021,ohio,0.1,6
426,1326,2021,ohio state,95.2,1
427,1326,2021,ohio state,79.5,2
428,1326,2021,ohio state,54.5,3
429,1326,2021,ohio state,22.7,4
430,1326,2021,ohio state,9.4,5
431,1326,2021,ohio state,3.5,6
432,1326,2022,ohio state,51.5,1
433,1326,2022,ohio state,11.4,2
434,1326,2022,ohio state,4.1,3
435,1326,2022,ohio state,1.3,4
436,1326,2022,ohio state,0.6,5
437,1326,2022,ohio state,0.3,6
438,1328,2021,oklahoma,57.2,1
439,1328,2021,oklahoma,4.4,2
440,1328,2021,oklahoma,2.1,3
441,1328,2021,oklahoma,0.9,4
442,1328,2021,oklahoma,0.4,5
443,1328,2021,oklahoma,0.2,6
444,1329,2021,oklahoma state,84.3,1
445,1329,2021,oklahoma state,55.1,2
446,1329,2021,oklahoma state,14.1,3
447,1329,2021,oklahoma state,8.8,4
448,1329,2021,oklahoma state,4.0,5
449,1329,2021,oklahoma state,1.5,6
450,1331,2021,oral roberts,4.8,1
451,1331,2021,oral roberts,1.9,2
452,1331,2021,oral roberts,0.9,3
453,1331,2021,oral roberts,0.3,4
454,1331,2021,oral roberts,0.1,5
455,1331,2021,oral roberts,0.1,6
456,1332,2021,oregon,65.2,1
457,1332,2021,oregon,14.7,2
458,1332,2021,oregon,6.2,3
459,1332,2021,oregon,1.3,4
460,1332,2021,oregon,0.5,5
461,1332,2021,oregon,0.3,6
462,1333,2021,oregon state,21.6,1
463,1333,2021,oregon state,4.8,2
464,1333,2021,oregon state,1.1,3
465,1333,2021,oregon state,0.4,4
466,1333,2021,oregon state,0.2,5
467,1333,2021,oregon state,0.1,6
468,1344,2022,providence,69.0,1
469,1344,2022,providence,26.5,2
470,1344,2022,providence,5.7,3
471,1344,2022,providence,2.4,4
472,1344,2022,providence,0.8,5
473,1344,2022,providence,0.3,6
474,1345,2021,purdue,87.5,1
475,1345,2021,purdue,49.9,2
476,1345,2021,purdue,10.3,3
477,1345,2021,purdue,4.3,4
478,1345,2021,purdue,1.5,5
479,1345,2021,purdue,0.6,6
480,1345,2022,purdue,92.5,1
481,1345,2022,purdue,63.3,2
482,1345,2022,purdue,27.7,3
483,1345,2022,purdue,14.7,4
484,1345,2022,purdue,5.3,5
485,1345,2022,purdue,2.4,6
486,1350,2022,richmond,14.4,1
487,1350,2022,richmond,5.2,2
488,1350,2022,richmond,1.2,3
489,1350,2022,richmond,0.4,4
490,1350,2022,richmond,0.2,5
491,1350,2022,richmond,0.1,6
492,1353,2021,rutgers,42.5,1
493,1353,2021,rutgers,7.8,2
494,1353,2021,rutgers,2.3,3
495,1353,2021,rutgers,0.6,4
496,1353,2021,rutgers,0.2,5
497,1353,2021,rutgers,0.1,6
498,1355,2022,s dakota st,31.0,1
499,1355,2022,s dakota st,7.5,2
500,1355,2022,s dakota st,1.6,3
501,1355,2022,s dakota st,0.7,4
502,1355,2022,s dakota st,0.3,5
503,1355,2022,s dakota st,0.1,6
504,1388,2022,saint mary's,69.3,1
505,1388,2022,saint mary's,22.9,2
506,1388,2022,saint mary's,5.7,3
507,1388,2022,saint mary's,1.8,4
508,1388,2022,saint mary's,0.5,5
509,1388,2022,saint mary's,0.2,6
510,1389,2022,saint peter's,4.4,1
511,1389,2022,saint peter's,1.9,2
512,1389,2022,saint peter's,0.9,3
513,1389,2022,saint peter's,0.3,4
514,1389,2022,saint peter's,0.1,5
515,1389,2022,saint peter's,0.1,6
516,1361,2021,san diego state,58.2,1
517,1361,2021,san diego state,23.6,2
518,1361,2021,san diego state,8.5,3
519,1361,2021,san diego state,2.0,4
520,1361,2021,san diego state,0.7,5
521,1361,2021,san diego state,0.3,6
522,1361,2022,san diego state,49.4,1
523,1361,2022,san diego state,5.8,2
524,1361,2022,san diego state,2.4,3
525,1361,2022,san diego state,0.9,4
526,1361,2022,san diego state,0.3,5
527,1361,2022,san diego state,0.1,6
528,1362,2022,san francisco,31.8,1
529,1362,2022,san francisco,4.1,2
530,1362,2022,san francisco,1.3,3
531,1362,2022,san francisco,0.4,4
532,1362,2022,san francisco,0.2,5
533,1362,2022,san francisco,0.1,6
534,1371,2022,seton hall,48.4,1
535,1371,2022,seton hall,4.5,2
536,1371,2022,seton hall,1.7,3
537,1371,2022,seton hall,0.6,4
538,1371,2022,seton hall,0.2,5
539,1371,2022,seton hall,0.1,6
540,1382,2021,st. bonaventure,35.6,1
541,1382,2021,st. bonaventure,5.1,2
542,1382,2021,st. bonaventure,2.1,3
543,1382,2021,st. bonaventure,0.8,4
544,1382,2021,st. bonaventure,0.3,5
545,1382,2021,st. bonaventure,0.1,6
546,1393,2021,syracuse,41.8,1
547,1393,2021,syracuse,13.1,2
548,1393,2021,syracuse,4.3,3
549,1393,2021,syracuse,1.2,4
550,1393,2021,syracuse,0.5,5
551,1393,2021,syracuse,0.3,6
552,1395,2022,tcu,51.6,1
553,1395,2022,tcu,5.1,2
554,1395,2022,tcu,2.0,3
555,1395,2022,tcu,0.7,4
556,1395,2022,tcu,0.3,5
557,1395,2022,tcu,0.1,6
558,1397,2021,tennessee,78.4,1
559,1397,2021,tennessee,34.5,2
560,1397,2021,tennessee,8.4,3
561,1397,2021,tennessee,3.7,4
562,1397,2021,tennessee,1.4,5
563,1397,2021,tennessee,0.6,6
564,1397,2022,tennessee,93.7,1
565,1397,2022,tennessee,75.4,2
566,1397,2022,tennessee,42.8,3
567,1397,2022,tennessee,18.9,4
568,1397,2022,tennessee,10.0,5
569,1397,2022,tennessee,4.2,6
570,1400,2021,texas,91.4,1
571,1400,2021,texas,68.2,2
572,1400,2021,texas,32.7,3
573,1400,2021,texas,15.5,4
574,1400,2021,texas,3.8,5
575,1400,2021,texas,1.6,6
576,1400,2022,texas,47.5,1
577,1400,2022,texas,15.6,2
578,1400,2022,texas,5.0,3
579,1400,2022,texas,1.7,4
580,1400,2022,texas,0.6,5
581,1400,2022,texas,0.3,6
582,1411,2021,texas southern,3.1,1
583,1411,2021,texas southern,1.3,2
584,1411,2021,texas southern,0.7,3
585,1411,2021,texas southern,0.4,4
586,1411,2021,texas southern,0.2,5
587,1411,2021,texas southern,0.1,6
588,1411,2022,texas southern,3.4,1
589,1411,2022,texas southern,1.5,2
590,1411,2022,texas southern,0.8,3
591,1411,2022,texas southern,0.5,4
592,1411,2022,texas southern,0.2,5
593,1411,2022,texas southern,0.1,6
594,1403,2021,texas tech,76.1,1
595,1403,2021,texas tech,36.3,2
596,1403,2021,texas tech,13.5,3
597,1403,2021,texas tech,4.1,4
598,1403,2021,texas tech,1.4,5
599,1403,2021,texas tech,0.5,6
600,1403,2022,texas tech,92.2,1
601,1403,2022,texas tech,69.8,2
602,1403,2022,texas tech,36.4,3
603,1403,2022,texas tech,10.5,4
604,1403,2022,texas tech,4.7,5
605,1403,2022,texas tech,2.0,6
606,1412,2022,uab,19.8,1
607,1412,2022,uab,5.9,2
608,1412,2022,uab,1.2,3
609,1412,2022,uab,0.5,4
610,1412,2022,uab,0.2,5
611,1412,2022,uab,0.1,6
612,1417,2021,ucla,34.2,1
613,1417,2021,ucla,8.3,2
614,1417,2021,ucla,2.6,3
615,1417,2021,ucla,0.9,4
616,1417,2021,ucla,0.3,5
617,1417,2021,ucla,0.2,6
618,1417,2022,ucla,90.9,1
619,1417,2022,ucla,66.6,2
620,1417,2022,ucla,27.9,3
621,1417,2022,ucla,11.8,4
622,1417,2022,ucla,4.1,5
623,1417,2022,ucla,1.9,6
624,1163,2021,uconn,56.4,1
625,1163,2021,uconn,15.0,2
626,1163,2021,uconn,7.0,3
627,1163,2021,uconn,2.7,4
628,1163,2021,uconn,0.8,5
629,1163,2021,uconn,0.4,6
630,1163,2022,uconn,80.3,1
631,1163,2022,uconn,40.6,2
632,1163,2022,uconn,6.6,3
633,1163,2022,uconn,2.8,4
634,1163,2022,uconn,1.2,5
635,1163,2022,uconn,0.6,6
636,1364,2021,ucsb,27.7,1
637,1364,2021,ucsb,7.3,2
638,1364,2021,ucsb,0.8,3
639,1364,2021,ucsb,0.3,4
640,1364,2021,ucsb,0.2,5
641,1364,2021,ucsb,0.1,6
642,1422,2021,unc greensboro,10.9,1
643,1422,2021,unc greensboro,3.3,2
644,1422,2021,unc greensboro,0.8,3
645,1422,2021,unc greensboro,0.3,4
646,1422,2021,unc greensboro,0.1,5
647,1422,2021,unc greensboro,0.1,6
648,1425,2021,usc,78.7,1
649,1425,2021,usc,28.3,2
650,1425,2021,usc,9.0,3
651,1425,2021,usc,1.7,4
652,1425,2021,usc,0.6,5
653,1425,2021,usc,0.3,6
654,1425,2022,usc,55.2,1
655,1425,2022,usc,11.3,2
656,1425,2022,usc,4.8,3
657,1425,2022,usc,1.4,4
658,1425,2022,usc,0.4,5
659,1425,2022,usc,0.2,6
660,1429,2021,utah state,23.9,1
661,1429,2021,utah state,6.4,2
662,1429,2021,utah state,1.6,3
663,1429,2021,utah state,0.5,4
664,1429,2021,utah state,0.2,5
665,1429,2021,utah state,0.1,6
666,1433,2021,vcu,34.8,1
667,1433,2021,vcu,5.4,2
668,1433,2021,vcu,1.7,3
669,1433,2021,vcu,0.4,4
670,1433,2021,vcu,0.2,5
671,1433,2021,vcu,0.1,6
672,1436,2022,vermont,23.1,1
673,1436,2022,vermont,7.9,2
674,1436,2022,vermont,1.1,3
675,1436,2022,vermont,0.4,4
676,1436,2022,vermont,0.2,5
677,1436,2022,vermont,0.1,6
678,1437,2021,villanova,73.1,1
679,1437,2021,villanova,38.8,2
680,1437,2021,villanova,10.0,3
681,1437,2021,villanova,5.2,4
682,1437,2021,villanova,2.4,5
683,1437,2021,villanova,0.8,6
684,1437,2022,villanova,94.9,1
685,1437,2022,villanova,76.0,2
686,1437,2022,villanova,41.0,3
687,1437,2022,villanova,17.4,4
688,1437,2022,villanova,9.5,5
689,1437,2022,villanova,3.9,6
690,1438,2021,virginia,76.8,1
691,1438,2021,virginia,50.8,2
692,1438,2021,virginia,8.1,3
693,1438,2021,virginia,3.9,4
694,1438,2021,virginia,1.8,5
695,1438,2021,virginia,0.9,6
696,1439,2021,virginia tech,46.6,1
697,1439,2021,virginia tech,8.0,2
698,1439,2021,virginia tech,3.0,3
699,1439,2021,virginia tech,0.8,4
700,1439,2021,virginia tech,0.3,5
701,1439,2021,virginia tech,0.2,6
702,1439,2022,virginia tech,52.5,1
703,1439,2022,virginia tech,18.7,2
704,1439,2022,virginia tech,5.6,3
705,1439,2022,virginia tech,2.1,4
706,1439,2022,virginia tech,0.7,5
707,1439,2022,virginia tech,0.4,6
708,1452,2021,west virginia,91.8,1
709,1452,2021,west virginia,60.8,2
710,1452,2021,west virginia,30.3,3
711,1452,2021,west virginia,8.1,4
712,1452,2021,west virginia,3.1,5
713,1452,2021,west virginia,1.1,6
714,1457,2021,winthrop,26.9,1
715,1457,2021,winthrop,7.8,2
716,1457,2021,winthrop,1.2,3
717,1457,2021,winthrop,0.5,4
718,1457,2021,winthrop,0.2,5
719,1457,2021,winthrop,0.1,6
720,1458,2021,wisconsin,46.4,1
721,1458,2021,wisconsin,7.1,2
722,1458,2021,wisconsin,3.4,3
723,1458,2021,wisconsin,1.4,4
724,1458,2021,wisconsin,0.6,5
725,1458,2021,wisconsin,0.3,6
726,1458,2022,wisconsin,88.5,1
727,1458,2022,wisconsin,63.0,2
728,1458,2022,wisconsin,27.4,3
729,1458,2022,wisconsin,9.6,4
730,1458,2022,wisconsin,3.4,5
731,1458,2022,wisconsin,1.3,6
732,1460,2022,wright state,3.1,1
733,1460,2022,wright state,1.5,2
734,1460,2022,wright state,0.8,3
735,1460,2022,wright state,0.5,4
736,1460,2022,wright state,0.2,5
737,1460,2022,wright state,0.1,6
738,1463,2022,yale,7.5,1
739,1463,2022,yale,2.4,2
740,1463,2022,yale,0.8,3
741,1463,2022,yale,0.3,4
742,1463,2022,yale,0.1,5
743,1463,2022,yale,0.1,6
744,1274,2022,miami,44.8,1
745,1274,2022,miami,8.7,2
746,1274,2022,miami,3.3,3
747,1274,2022,miami,1.0,4
748,1274,2022,miami,0.4,5
749,1274,2022,miami,0.2,6
750,1168,2022,csu fullerton,4.4,1
751,1168,2022,csu fullerton,1.7,2
752,1168,2022,csu fullerton,0.9,3
753,1168,2022,csu fullerton,0.3,4
754,1168,2022,csu fullerton,0.1,5
755,1168,2022,csu fullerton,0.1,6
756,1240,2022,j'ville st,5.0,1
757,1240,2022,j'ville st,1.9,2
758,1240,2022,j'ville st,0.9,3
759,1240,2022,j'ville st,0.3,4
760,1240,2022,j'ville st,0.1,5
761,1240,2022,j'ville st,0.1,6
762,1101,2021,abil christian,8.6,1
763,1101,2021,abil christian,3.0,2
764,1101,2021,abil christian,0.9,3
765,1101,2021,abil christian,0.4,4
766,1101,2021,abil christian,0.1,5
767,1101,2021,abil christian,0.1,6
