TeamID_1,TeamID_2,Seed_1,Seed_2,t1_score_diff,diff_total_games,diff_win_pct,diff_avg_points_for,diff_avg_points_against,diff_avg_game_margin,diff_std_game_margin,diff_non_home_wins,diff_home_losses,diff_close_wins,diff_close_losses,diff_3FGA_pg,diff_3_pct,diff_FTA_pg,diff_FT_pct,diff_TOV_pg,diff_avg_pace,diff_off_eff,diff_def_eff,diff_pythag_win_pct,diff_luck,diff_wins_vs_tourney_teams,diff_away_wins_vs_tourney_teams,diff_losses_vs_tourney_teams,diff_losses_vs_non_tourney_teams,diff_games_vs_tourney_teams,diff_final_net,diff_net_improvement,diff_final_pom,diff_pom_improvement,diff_pi_i,diff_coach_WL_car,diff_tourneys_car,diff_sw16_car,diff_ff_car,diff_champ_car,diff_returning_min_pct,diff_returning_score_pct,diff_avg_height,diff_avg_yr,diff_preseason_pts
1272,1113,Z07,Z10,-13,0,0.1724137931034483,-1.448275862068968,-3.3448275862068897,1.8965517241379315,-6.116003084882003,3.0,-1.0,-1.0,1.0,7.482758620689657,0.030989031681024404,-3.31034482758621,-0.016122384273937973,-0.20689655172414056,1.0046528735632307,-4.18209313185875,-5.603289472654012,0.06238785149735504,0.11002594160609319,0.0,0.0,-7.0,2.0,-7.0,-6.0,16.0,-12.0,37.0,0.00039619259264470075,0.20099999999999996,3,3,1,0,,,-1,,-2
1242,1113,Z02,Z10,32,1,0.1459770114942529,5.367816091954012,-2.805747126436785,8.173563218390807,0.937984655962655,4.0,-2.0,-2.0,-2.0,1.5471264367816087,0.02181442233135178,-2.073563218390806,-0.003990985751672005,0.9000000000000004,4.666144367816088,-0.040565313364893996,-9.297037718044194,0.15786164420480164,-0.01188463271054871,5.0,1.0,-4.0,0.0,1.0,-26.0,7.0,-28.0,10.0,0.002861582667751001,0.28500000000000003,11,9,4,0,-11.0,-6.999999999999993,0,-0.10000000000000009,1711
1143,1301,W08,W09,2,-1,0.12413793103448278,2.0827586206896456,1.7586206896551744,0.32413793103448274,-5.455370342200691,3.0,-2.0,0.0,0.0,-5.46551724137931,0.022444144549407685,-0.9494252873563198,-0.08484593869775914,-0.02758620689655089,2.8339592337164916,-2.1678148399748807,-2.6872089583751944,0.008111819183692859,0.1160261118507899,2.0,0.0,-2.0,-2.0,0.0,-20.0,-20.0,-8.0,-26.0,2.3657370004200734e-05,-0.0010000000000000009,4,2,0,0,-10.0,-0.09999999999999432,-2,0.09999999999999987,-38
1143,1328,W08,W01,-9,-1,-0.07586206896551728,3.31609195402298,9.591954022988517,-6.275862068965517,-3.906324091329168,-1.0,0.0,-3.0,1.0,-1.9321839080459746,-0.0171548920970806,0.9172413793103438,-0.022372937168332108,2.3724137931034477,5.257923678160914,-3.829211867373914,7.029510269773212,-0.19847857799352642,0.1226165090280092,-4.0,-2.0,-1.0,3.0,-5.0,30.0,-10.0,31.0,-15.0,-0.0020708463179661,-0.029000000000000026,-3,-1,-1,0,-15.299999999999997,-5.199999999999996,-1,0.30000000000000004,-1637
1393,1328,W03,W01,16,-1,0.027586206896551668,8.936781609195393,9.729885057471279,-0.7931034482758594,-0.4507425851373146,-2.0,-1.0,-1.0,0.0,-3.104597701149423,-0.0632383281118668,5.020689655172411,-0.01445464772519156,1.8206896551724157,7.240673103448266,1.1503689877370675,5.03399660636569,-0.04234604580379031,0.06993225270034209,-3.0,-1.0,-2.0,1.0,-5.0,6.0,3.0,6.0,2.0,-0.0007153845010240004,0.10999999999999999,12,9,2,1,-16.299999999999997,-17.1,2,-0.3999999999999999,-1561
1163,1390,X05,X04,11,-1,-0.041935483870967794,7.775268817204292,4.432258064516134,3.343010752688172,5.44591160820179,-2.0,-1.0,-4.0,0.0,-3.6870967741935488,0.0286747847713118,1.3258064516129053,-0.0012576937129368249,1.4774193548387107,4.54110508960575,2.948247694196482,0.32825635428760336,0.08806595281942231,-0.1300014366903901,-3.0,-2.0,0.0,1.0,-3.0,7.0,21.0,-7.0,14.0,0.0005824904052279005,0.006000000000000005,5,6,0,1,18.200000000000003,17.6,0,-0.3999999999999999,714
1163,1400,X05,X01,-4,2,-0.08571428571428574,1.1761904761904702,2.721428571428575,-1.545238095238096,4.3699279171544365,-1.0,2.0,-1.0,0.0,-1.0857142857142854,0.03747571938383709,-1.6857142857142833,-0.04050656991833468,2.371428571428572,2.731210158730164,-3.13485746106538,-0.2421235882672761,-0.04210165649387554,-0.04361262922041019,1.0,1.0,-2.0,5.0,-1.0,24.0,22.0,16.0,23.0,-0.0008048647012344999,0.05300000000000005,5,6,0,1,-21.89999999999999,-29.799999999999997,1,-0.5,-700
1393,1400,W03,X01,11,1,0.041871921182266014,1.2463054187192029,1.2179802955665053,0.02832512315271174,1.7769423897555718,-1.0,0.0,2.0,-1.0,-0.9236453201970427,-0.01850138760407033,-0.1650246305418719,-0.021284057780408094,0.19211822660098754,1.6838121510673147,-1.344581544715254,-0.9800513771786967,-0.0029680080656602215,0.0448399292479262,1.0,1.0,-1.0,0.0,0.0,5.0,9.0,8.0,6.0,-0.0007037812950114004,0.10999999999999999,11,9,2,1,-43.39999999999999,-47.7,2,-0.6000000000000001,-1343
1211,1153,Z09,Z08,5,3,0.13479262672811065,9.743087557603687,6.693548387096769,3.049539170506913,0.05610728385040886,7.0,-1.0,4.0,0.0,-0.4354838709677402,0.03314367527565493,3.1094470046082954,0.031320274717164476,3.9412442396313363,3.481017511520726,8.189269989965936,2.71070701403103,0.06698920747386106,0.0678034192542497,2.0,2.0,-1.0,-2.0,1.0,14.0,10.0,6.0,-3.0,0.00033069354730630007,0.04700000000000004,-9,-2,-1,0,,,0,,78
1211,1112,Z09,Z01,-1,3,-0.15092165898617516,-8.149769585253452,-2.0564516129032313,-6.0933179723502295,0.6156725805229861,1.0,1.0,3.0,0.0,-1.0069124423963132,0.025100709937315946,-0.35483870967741993,0.019775617053103933,-0.23732718894009253,-7.06252534562212,-0.1208847918089333,5.97198495961544,-0.09052627509152433,-0.060395383894650795,-5.0,-2.0,3.0,2.0,-2.0,41.0,-3.0,38.0,-12.0,-0.0028789904753437007,0.04600000000000004,-20,-10,-5,-1,,,0,,-1392
1323,1112,Z05,Z01,-17,3,-0.18317972350230416,-5.117511520737324,0.9435483870967687,-6.061059907834101,2.866028836839737,-3.0,1.0,2.0,0.0,1.7027649769585231,0.030206932911559237,-2.1612903225806406,0.05845843422114605,-2.0115207373271904,-4.466767926267266,-0.9594113048251529,7.112775874964129,-0.09879671196401896,-0.08438301153828519,-5.0,-3.0,4.0,2.0,-1.0,12.0,-16.0,19.0,-10.0,-0.0014958581956582007,-0.07299999999999995,-19,-11,-5,-1,-43.2,-49.7,1,0.0,-1715
1443,1228,Z13,Z04,-5,1,-0.058064516129032295,-2.3365591397849528,5.019354838709681,-7.3559139784946215,-0.18604729080070292,-2.0,0.0,0.0,-2.0,0.8655913978494603,-0.0020306241443999173,1.9967741935483865,-0.06043357830187179,1.9946236559139798,0.779010752688194,-4.187230442143601,4.812198525746467,-0.15474141505393024,0.09667689892489792,-5.0,-1.0,-3.0,5.0,-8.0,40.0,14.0,47.0,6.0,-0.0029084576167340004,-0.014000000000000012,-2,-3,0,0,25.0,35.400000000000006,0,0.5999999999999999,433
1242,1181,Z02,Z03,4,0,-0.033333333333333326,-0.63333333333334,-4.033333333333346,3.400000000000002,4.731582132167846,1.0,1.0,1.0,-2.0,-6.466666666666669,-0.016364413506747222,-3.93333333333333,-0.04328027191244199,0.8666666666666689,1.0900480000000101,-2.045902353331172,-6.969904518344478,0.05176312734040345,-0.0850964606737367,3.0,2.0,3.0,-2.0,6.0,-6.0,7.0,-4.0,2.0,0.0010530151558130006,0.06600000000000006,-5,-5,-5,-3,12.800000000000004,25.6,0,0.10000000000000009,321
1242,1266,Z02,Y03,33,2,-0.05476190476190468,2.94047619047619,-1.3119047619047706,4.252380952380955,5.145304975111394,2.0,0.0,0.0,-2.0,-1.1166666666666671,-0.0397684591931422,0.5261904761904752,-0.10429952942553133,1.3285714285714292,6.297280000000001,-6.250622436925596,-10.127873798984979,0.05884372432462959,-0.1136056290865342,4.0,1.0,3.0,-1.0,7.0,-4.0,6.0,-9.0,5.0,0.0020609684094177,0.136,12,8,3,0,18.5,12.200000000000003,-1,0.19999999999999996,1206
1242,1393,Z02,W03,-3,1,-0.060919540229884994,1.2298850574712645,-3.529885057471276,4.759770114942528,3.891097639374875,3.0,1.0,-3.0,0.0,-1.7287356321839091,0.00918785890073831,0.51264367816092,-0.02768480058071543,1.279310344827584,1.7677535632183918,-0.3863593225184019,-7.106380436453662,0.07477526890802055,-0.1356948091379055,4.0,1.0,2.0,0.0,6.0,-3.0,-1.0,-11.0,-2.0,0.0018731757087522005,0.062000000000000055,-8,-3,1,-1,15.5,18.300000000000004,-2,0.5,1636
1329,1393,W06,W03,-12,0,-0.13793103448275856,-11.379310344827587,-7.689655172413801,-3.6896551724137954,-0.49563983445079174,0.0,2.0,-1.0,1.0,-2.8965517241379324,0.044565217391304424,-1.275862068965516,-0.04219608903307204,1.0344827586206868,-3.9680000000000035,-9.874641197367026,-5.724286785270522,-0.06949490783698542,-0.06843612664577309,0.0,0.0,2.0,2.0,2.0,13.0,-15.0,14.0,-11.0,-0.0007730263388542003,-0.028000000000000025,2,-1,-1,-1,12.699999999999996,18.300000000000004,-2,0.6000000000000001,-49
1266,1221,Y03,Y14,4,-1,-0.04064039408866993,9.048029556650249,9.471674876847295,-0.4236453201970445,-1.943186427107051,-6.0,1.0,-3.0,2.0,0.4913793103448274,0.019578016590426517,1.469211822660096,0.06443790914360847,-0.35960591133004804,1.8703999999999894,9.12124140535498,12.239947091978436,-0.034126237008515026,-0.006514157080154903,4.0,2.0,2.0,-1.0,6.0,-51.0,-23.0,-67.0,-23.0,0.0015108762620843,0.1050000000000001,-3,0,1,0,-35.0,-31.9,2,-0.9000000000000001,508
1266,1281,Y03,Y06,9,-3,0.14400921658986177,6.618663594470036,1.1947004608294947,5.4239631336405525,-2.165488887264374,1.0,0.0,-1.0,1.0,-5.717741935483872,0.02246802377949919,5.4458525345622135,0.11107558116100524,-0.04147465437788078,-0.9520000000000124,10.53591068262213,3.0039035021859206,0.14171598735054303,0.0022932292393186976,-1.0,0.0,-5.0,0.0,-6.0,-7.0,-1.0,-11.0,-11.0,0.00021125498152510004,0.03700000000000003,-2,0,1,0,,,2,,3
1266,1338,Y03,Y02,3,-2,-0.0452380952380953,3.7928571428571445,8.845238095238095,-5.052380952380954,-1.5012097512659661,-2.0,1.0,-1.0,1.0,-2.5166666666666657,0.021042132597510477,0.8071428571428569,0.13408047349842078,-1.5285714285714285,-0.597440000000006,6.195404766139021,13.529579864548538,-0.07915441052111538,0.03391631528301989,1.0,1.0,1.0,0.0,2.0,2.0,-17.0,11.0,-8.0,-0.0023419212455241005,0.04700000000000004,-1,-1,1,0,-47.89999999999999,-46.800000000000004,1,-0.5999999999999999,-895
1231,1338,Y07,Y02,-22,2,-0.2416666666666667,-4.068749999999994,8.166666666666664,-12.235416666666667,-0.22850365240390325,-1.0,1.0,2.0,0.0,3.8583333333333343,-0.010083072151308436,-0.1750000000000007,0.07674227003974021,-3.5999999999999996,-2.5453733333333446,-2.433075864165758,15.494960984551795,-0.2931340273551363,0.051467360688469396,0.0,2.0,6.0,2.0,6.0,39.0,-29.0,44.0,-8.0,-0.0028449003226732007,0.016000000000000014,0,-1,1,0,-33.49999999999999,-39.0,0,-0.09999999999999987,-989
1266,1246,Y03,Y01,14,-4,-0.0848214285714286,0.8616071428571388,3.5848214285714306,-2.7232142857142865,-0.7290583032303779,-9.0,0.0,-1.0,3.0,-1.34375,0.023458897312745586,2.8258928571428577,0.06327846848588947,-0.4910714285714288,-2.078800000000001,4.36441186288593,7.8138722765433215,-0.04849361130776497,-0.03632781726366371,-7.0,-5.0,1.0,1.0,-6.0,9.0,-2.0,12.0,-4.0,-0.003478914379539199,-0.05599999999999994,-8,-7,0,-1,-26.89999999999999,-19.699999999999996,0,-0.5,-118
1458,1246,Y05,Y01,-6,-3,-0.14762931034482762,-6.807112068965523,-5.404094827586206,-1.4030172413793096,1.38933541176179,-11.0,0.0,0.0,2.0,0.7855603448275872,0.0031947807371535686,-1.3329741379310356,0.03436783447981662,-3.5452586206896566,-5.850662068965526,0.4111977671037579,0.17911467562113614,-0.0033503369234412217,-0.14427897342138649,-7.0,-7.0,2.0,2.0,-5.0,24.0,-3.0,15.0,-1.0,-0.0032298384399215,-0.122,-8,-7,-1,-1,-4.099999999999994,5.0,-1,-0.6000000000000001,-532
1428,1246,Y09,Y01,-20,-2,-0.13958333333333328,-10.797916666666666,-4.09375,-6.704166666666667,-2.1512496916036543,-8.0,0.0,1.0,3.0,2.1729166666666657,0.025950567480507003,-1.9812499999999993,-0.0028662080733750095,-1.3625000000000007,-7.8425333333333285,-4.56663041304445,5.615194833756618,-0.1193675835208926,-0.020215749812440703,-5.0,-4.0,2.0,2.0,-3.0,15.0,-3.0,36.0,-17.0,-0.0045254272301997,0.016000000000000014,1,-4,0,-1,-25.199999999999996,-17.39999999999999,-2,-0.10000000000000009,-626
1281,1356,Y06,Y11,1,1,-0.12258064516129041,-2.7591397849462282,-1.6161290322580584,-1.1430107526881725,3.467689858643819,-3.0,1.0,-3.0,0.0,5.134408602150538,-0.02834008097165991,-1.2387096774193544,-0.04721576239219205,1.112903225806452,0.48860444444443374,-3.2371644970216806,-3.5158407405494643,-0.034625358889349034,-0.0879552862719413,3.0,2.0,6.0,-2.0,9.0,-17.0,-44.0,-33.0,5.0,0.0011248878665077004,-0.02400000000000002,2,0,0,0,,,-1,,504
1104,1231,Y10,Y07,-5,-4,-0.017857142857142905,-1.2455357142857082,-2.0,0.7544642857142856,-0.8054078839626246,-5.0,1.0,-3.0,0.0,-1.7678571428571423,-0.028122011061670893,-1.696428571428573,-0.002809571398940114,1.7857142857142865,1.076085714285739,-4.033521909239312,-3.6488306505630135,0.037126661137260375,-0.05498380399440331,1.0,-2.0,-2.0,1.0,-1.0,-9.0,2.0,-13.0,9.0,-0.0005316090196756003,0.02200000000000002,1,-1,-1,0,22.4,22.799999999999997,-1,0.0,880
1268,1462,X06,X03,13,-2,-0.15476190476190477,2.5523809523809575,0.8904761904761926,1.6619047619047613,6.2939082578499,-6.0,1.0,-3.0,1.0,-0.8023809523809504,0.03579342352127968,-2.795238095238094,-0.04327964051784272,1.0738095238095262,3.930331428571421,-2.920066642313216,-4.277102033417108,0.018224786885792654,-0.17298669164769762,-1.0,-2.0,2.0,2.0,1.0,17.0,-6.0,2.0,4.0,-0.0003639098675335996,-0.15100000000000002,10,9,2,1,-31.0,-49.89999999999999,1,0.5,-227
1335,1329,W11,W06,-14,-2,0.12515964240102162,1.4610472541507136,-2.7994891443167305,4.260536398467435,0.9253439794126077,4.0,0.0,-2.0,0.0,8.886334610472542,0.03686440677966102,-3.5670498084291182,0.05093505734531367,-1.6551724137931032,-3.6772400170285167,9.57971158448396,0.768250765495722,0.1105029656200418,0.014656676780979802,-5.0,-2.0,-4.0,0.0,-9.0,37.0,23.0,14.0,16.0,-0.0007010510924607,-0.06299999999999994,-17,-11,-2,0,,,-1,,-23
1332,1428,Y08,Y09,-2,2,-0.04791666666666672,15.485416666666666,13.96875,1.5166666666666666,6.939921462510247,0.0,1.0,0.0,-3.0,4.233333333333334,0.009421576955749467,1.8562499999999993,0.07219611377560342,2.5187500000000007,13.24286666666665,1.6319212907745282,1.0623446002277461,-0.0013052211204561681,-0.0466114455462106,-3.0,-1.0,3.0,-1.0,0.0,34.0,-12.0,5.0,16.0,0.0006576062339468001,-0.15800000000000003,-7,-3,-1,0,,,1,,994
1228,1323,Z04,Z05,-8,-1,0.0903225806451613,-4.663440860215047,-9.79354838709677,5.130107526881719,-0.4846178338227993,2.0,-2.0,-3.0,1.0,-1.6075268817204282,-0.012145699418426692,-3.738709677419358,-0.037373916644481864,0.39247311827957,-3.4246606451613104,0.6669266592942336,-8.021871352018948,0.1085910570632932,-0.018268476418131924,1.0,0.0,-1.0,-2.0,0.0,4.0,20.0,-17.0,22.0,0.0008604565172502,-0.0020000000000000018,0,2,0,0,-8.400000000000006,-7.0,-1,-0.5,-11
1458,1409,Y05,Y13,1,-2,0.04894327030033363,-2.791991101223587,-6.5684093437152455,3.7764182424916584,2.936195957120958,-2.0,-2.0,-1.0,0.0,-0.9432703003337011,-0.003549072211044002,0.06117908787541637,0.014013287546760123,-3.8053392658509466,-5.439285724879504,6.277897873565507,-1.502699762828044,0.09061420461298042,-0.04167093431264679,5.0,0.0,2.0,-4.0,7.0,-39.0,-25.0,-37.0,-19.0,0.0014699483556831995,-0.14300000000000002,0,1,0,0,-11.0,-6.200000000000003,1,-1.0000000000000002,-51
1277,1196,X07,X02,22,0,-0.16129032258064513,-8.677419354838719,-3.7096774193548328,-4.967741935483872,-0.22072527120191232,-4.0,1.0,-4.0,2.0,-8.741935483870972,-0.025863219642418,3.1935483870967794,0.029412787261412165,1.161290322580646,-2.1993703225806556,-9.009990989526173,-1.7279185500405987,-0.1069564471171014,-0.05433387546354371,1.0,-2.0,2.0,3.0,3.0,16.0,16.0,19.0,11.0,-0.0018841263127973998,0.04399999999999993,1,3,2,1,26.400000000000006,16.099999999999994,0,-0.30000000000000004,-181
1277,1268,X07,X06,2,3,-0.06566820276497698,-13.559907834101395,-5.889400921658989,-7.670506912442397,-5.768472007399026,0.0,0.0,0.0,3.0,-3.5771889400921673,-0.0316296766011413,0.5576036866359466,0.031051493445060196,0.4412442396313363,-8.17671766513056,-6.636624362093869,4.017802306634536,-0.13728909025810476,0.07162088749312781,2.0,2.0,1.0,2.0,3.0,-6.0,11.0,6.0,8.0,-0.0009514322447250999,0.06699999999999995,-7,-4,1,0,40.5,45.39999999999999,0,-0.6000000000000001,328
1400,1277,X01,X07,9,-3,0.17281105990783407,11.631336405529964,7.710829493087559,3.920506912442397,-1.7221065642571656,3.0,-2.0,0.0,-3.0,3.3986175115207367,-0.017328890028197985,1.6566820276497651,-0.01997916283630574,-1.1198156682027651,5.123993855606763,8.722165828313564,4.245689706073719,0.07677654856448202,0.0960345113433521,-3.0,-2.0,-1.0,-5.0,-4.0,-27.0,-9.0,-18.0,-11.0,0.0012301409841084,-0.07499999999999996,5,-2,-2,-1,6.8999999999999915,12.400000000000006,-1,0.40000000000000013,305
1112,1242,Z01,Z02,-3,-2,0.1261904761904762,3.8809523809523796,3.88333333333334,-0.002380952380955037,-5.497625020564065,1.0,0.0,2.0,1.0,5.93809523809524,0.01091116631974759,0.8666666666666671,0.03568271507498022,-0.11428571428571388,2.232548571428566,1.2809537843719738,1.7535419354935726,-0.008005864775994631,0.13419634096647082,1.0,2.0,-4.0,0.0,-3.0,-4.0,1.0,-1.0,-2.0,0.00017218321978610014,-0.06700000000000006,10,3,1,1,36.2,39.4,0,0.10000000000000009,58
1436,1163,X15,X02,-17,-3,-0.08484848484848495,-12.690909090909088,-1.8393939393939363,-10.851515151515152,-2.5654002472463215,2.0,1.0,0.0,1.0,3.530303030303031,-0.07217437843623797,-2.045454545454543,0.0627071785208313,-1.2212121212121207,-4.8511547474747445,-10.843486069892037,4.297059599636015,-0.23330964263197929,0.1484611577834942,-8.0,-3.0,-4.0,6.0,-12.0,110.0,6.0,154.0,-17.0,-0.0053192857374226,-0.22599999999999992,-15,-10,-2,-2,-2.200000000000003,3.700000000000003,-1,0.3999999999999999,-1794
1104,1163,X08,X02,-16,-4,-0.23197492163009414,-6.884012539184951,3.5088819226750303,-10.39289446185998,-1.483213142825603,-4.0,3.0,0.0,3.0,2.650992685475444,-0.017046173308032875,1.6499477533960274,0.08254626629902706,-0.5120167189132694,-4.236762103796586,-4.801618711061522,10.38281888215468,-0.2298716876469209,-0.0021032339831733027,-5.0,-2.0,4.0,2.0,-1.0,21.0,-4.0,26.0,10.0,-0.0033659070560484996,-0.03799999999999992,-12,-9,-2,-2,-33.2,-46.199999999999996,-1,0.10000000000000009,-1789
1181,1163,W01,X02,-1,-1,0.025568181818181768,0.6590909090909065,1.0293560606060623,-0.37026515151515227,-3.1769432978640175,3.0,0.0,-3.0,0.0,3.561553030303031,-0.032379506641366185,3.631628787878789,0.11513181810143414,0.3996212121212128,-0.5389414141414193,1.9354200307554663,0.8585746140674928,-0.005254611683235599,0.030822793501417395,6.0,5.0,-1.0,0.0,5.0,-4.0,-1.0,-7.0,-1.0,0.0022978340092955005,0.051000000000000045,3,5,8,1,-4.1000000000000085,-10.599999999999994,-1,-0.10000000000000009,-119
1211,1305,Z02,Z10,-19,-1,0.1977011494252875,6.84482758620689,-0.23563218390805218,7.080459770114944,-1.7820625657946625,6.0,0.0,2.0,-2.0,1.4241379310344815,0.07414734388418603,-0.4505747126436823,0.041756142654379214,0.5517241379310338,-0.4309333333333285,10.88809616732452,-0.25206920655136855,0.09415693114013401,0.1035442182851533,-2.0,1.0,-1.0,-5.0,-3.0,-20.0,-17.0,-20.0,0.0,0.0020337395488453994,0.29000000000000004,4,1,0,0,8.700000000000003,18.60000000000001,0,0.40000000000000013,711
1264,1196,Y12,Y05,15,-1,0.16091954022988508,-2.621839080459779,-5.685057471264372,3.0632183908045976,-3.1407454374507786,2.0,-2.0,1.0,-2.0,-5.944827586206898,-0.011788219937999611,6.303448275862067,0.007052026206583739,-1.666666666666666,-0.30707003831416557,-2.0934147553164877,-8.810413719829029,0.08412684507837354,0.07679269515151162,-8.0,-6.0,-6.0,1.0,-14.0,29.0,13.0,38.0,11.0,-0.0015452434910251996,-0.018000000000000016,-4,-2,-1,0,17.999999999999993,17.999999999999993,-4,0.7,-1212
1305,1277,Z10,Z07,6,1,0.11264367816091947,4.051724137931032,-1.1781609195402183,5.2298850574712645,0.20509424425212153,2.0,-2.0,-1.0,-2.0,-1.4931034482758587,-0.06360379067802652,4.347126436781615,-0.05488151751736037,-1.6206896551724164,5.206216091954033,-1.289429894174802,-9.908998919590402,0.1675977880354087,-0.054954109874489204,4.0,1.0,-5.0,2.0,-1.0,-10.0,14.0,-15.0,-6.0,0.0014214416468307997,-0.18099999999999994,-6,-4,-3,-1,-6.0,-3.200000000000003,0,0.0,-1620
1371,1112,W08,W09,4,-1,-0.011083743842364546,-15.231527093596057,-13.949507389162562,-1.2820197044334982,0.04401818915570388,-1.0,0.0,0.0,1.0,-2.349753694581281,-0.030387517877247916,-2.0800492610837438,-0.06917547982202066,-1.8226600985221673,-8.655090443349742,-8.118284594886447,-8.661888170679802,0.009337650484741888,-0.020421394327106407,3.0,1.0,-1.0,1.0,2.0,-13.0,5.0,-5.0,0.0,-0.0005278144541084996,-0.16100000000000003,-24,-12,-5,-1,37.599999999999994,39.3,0,0.7999999999999998,-1493
1371,1181,W08,W01,-28,-4,-0.1651785714285714,-7.464285714285708,-0.5044642857142918,-6.959821428571429,-0.12250188174809296,-7.0,1.0,2.0,2.0,-2.6741071428571423,-0.014186440677966095,-4.165178571428573,-0.014445319245598887,-1.0446428571428577,-2.6563961904761797,-6.82403958199275,3.5603181044920404,-0.1143672782726518,-0.05081129315591959,-8.0,-6.0,1.0,3.0,-7.0,27.0,-11.0,27.0,-9.0,-0.0056999580011387,-0.16900000000000004,-19,-15,-10,-3,15.0,21.799999999999997,-1,0.5,-1676
1462,1181,W07,W01,-3,1,-0.14678030303030298,-9.325757575757578,-2.605113636363633,-6.7206439393939394,0.42674622343758983,-3.0,2.0,1.0,0.0,1.0445075757575708,0.0016612665684830885,-3.631628787878789,-0.05216330235930522,-1.6420454545454568,-3.9719595959595964,-6.948850277658906,2.538814580535643,-0.10105816740442941,-0.0457221356258736,-7.0,-5.0,0.0,5.0,-7.0,34.0,19.0,25.0,23.0,-0.0045461856471919,0.02400000000000002,-16,-14,-10,-3,3.6000000000000085,-0.5999999999999943,0,0.10000000000000009,-1614
1228,1181,W05,W01,-10,-2,-0.043749999999999956,-7.216666666666669,-2.168750000000003,-5.0479166666666675,2.008801044158842,-1.0,0.0,4.0,-1.0,0.6687499999999993,-0.026415841584158384,-6.077083333333334,-0.03526368462595797,-1.6208333333333336,-4.406506666666658,-4.250639930539421,5.272274402351627,-0.06414318212128012,0.020393182121280107,-10.0,-7.0,0.0,1.0,-10.0,22.0,13.0,18.0,11.0,-0.0049593594374252,-0.06399999999999995,-17,-13,-10,-3,-6.799999999999997,-10.799999999999997,0,-0.09999999999999987,-731
1386,1448,Y01,Y04,4,0,0.2857142857142858,-6.035714285714278,-14.142857142857139,8.107142857142856,-0.634190111777075,11.0,-3.0,1.0,-2.0,4.0,0.024028963792593117,-7.428571428571427,-0.010395116780584024,-3.321428571428573,-4.66928484848485,1.1144896066123238,-12.045371560229142,0.15670367583202527,0.12901060988226032,-2.0,-1.0,-6.0,-2.0,-8.0,-17.0,-4.0,-8.0,-4.0,0.0015769596661723995,-0.040000000000000036,-4,1,0,0,8.900000000000006,20.200000000000003,1,0.7999999999999998,337
1386,1329,Y01,Y02,-2,-1,0.06773399014778336,-0.42118226600985054,-2.396551724137929,1.9753694581280783,-0.0018140205654813002,6.0,0.0,0.0,-1.0,11.205665024630543,0.0284770612639465,-2.949507389162566,0.007367678193366256,-1.7339901477832527,0.1600052545155961,0.6601464026258412,-3.3006049274774796,0.02003255409070326,0.0477014360570799,-1.0,0.0,-1.0,-1.0,-2.0,-3.0,-7.0,-4.0,-6.0,0.0011211466793133989,-0.07699999999999996,-21,-10,-3,0,45.0,48.599999999999994,0,0.09999999999999987,763
1272,1329,Y07,Y02,-17,-1,-0.14655172413793105,-4.635467980295573,2.0320197044335018,-6.667487684729063,-2.491790981011686,-6.0,0.0,-1.0,0.0,11.455665024630543,-0.018496372478673306,0.8004926108374342,-0.03384615384615386,-0.5197044334975374,1.2544052545155893,-7.1199319122491005,2.293456425446564,-0.12189433861215715,-0.0246573855257739,-4.0,-3.0,3.0,1.0,-1.0,26.0,-10.0,23.0,-4.0,-0.0020942027426282,0.0010000000000000009,-18,-9,-2,0,16.299999999999997,11.599999999999994,-1,-0.5,-90
1390,1104,X01,X08,-3,1,0.3804597701149427,1.7264367816091948,-6.748275862068965,8.47471264367816,-4.635535276022692,9.0,-4.0,0.0,-4.0,-4.4206896551724135,-0.017136150234741798,-1.0287356321839098,0.05326182965299686,0.6908045977011508,1.1353673563218365,2.8016928983804092,-10.811616643775906,0.2187608788440697,0.1616988912708727,3.0,3.0,-8.0,-3.0,-5.0,-19.0,0.0,-22.0,-17.0,0.0021419966462265993,0.03599999999999992,7,2,1,0,36.3,41.199999999999996,1,0.3999999999999999,514
1393,1104,X05,X08,-9,-1,0.1637931034482759,0.7216748768472883,-0.6268472906403986,1.3485221674876842,-1.6518283677679815,1.0,-1.0,-1.0,-3.0,-4.763546798029555,-0.07147766323024063,-1.0406403940886655,-0.06237453398336679,-0.4901477832512313,1.8722206896551725,-0.9531543116126358,-2.8985870196700034,0.05067621395305222,0.11311688949522371,2.0,0.0,-3.0,-2.0,-1.0,-12.0,13.0,-7.0,0.0,-0.0005299796806251004,0.08899999999999997,18,12,3,1,21.799999999999997,21.700000000000003,2,-0.10000000000000009,1327
1140,1393,X12,X05,-5,-1,-0.04629629629629628,-0.7433862433862402,-1.4510582010582027,0.7076719576719581,0.11744482091430442,1.0,-3.0,1.0,3.0,1.6984126984126977,0.0333824251350025,1.7341269841269877,0.09270040304523053,1.2142857142857135,-1.69082469135801,2.3313893529605423,0.5718441709410769,0.027442903956798048,-0.0737392002530943,-2.0,0.0,-2.0,3.0,-4.0,17.0,3.0,4.0,-7.0,0.0006046726507909,-0.14600000000000002,-20,-13,-3,-1,0.9000000000000057,6.300000000000004,-1,0.0,-1311
1268,1393,X04,X05,-2,2,-0.1166666666666667,4.438095238095229,4.945238095238096,-0.5071428571428571,2.367544975915621,0.0,1.0,3.0,0.0,1.4761904761904763,0.02292693859255951,4.878571428571426,-0.009904492394764652,2.3476190476190464,5.364906666666656,-3.0889782659345144,-1.8218232901552227,-0.03161031310319895,-0.0850563535634677,2.0,4.0,3.0,1.0,5.0,4.0,3.0,-11.0,-5.0,0.0018052076129643005,-0.10299999999999998,-9,-4,-1,0,-33.9,-27.200000000000003,0,-0.7,-1270
1400,1314,W03,W06,3,2,0.12380952380952381,-5.938095238095229,-9.064285714285703,3.1261904761904757,4.759139006214449,2.0,-1.0,4.0,-4.0,0.5095238095238095,0.006338425155710814,-3.0285714285714285,-0.004180042803638262,-3.776190476190475,-6.0293508802308935,3.556166147009918,-2.692167168022891,0.09754260820103267,0.026266915608491093,-1.0,0.0,-2.0,-1.0,-3.0,-9.0,8.0,6.0,-8.0,-0.0007632536604002,-0.15500000000000003,-3,-5,-3,0,-22.69999999999999,-22.099999999999994,-1,0.8,-72
1153,1228,W04,W05,-24,0,0.0,4.366666666666674,0.10000000000000142,4.2666666666666675,-0.22397827787264823,-3.0,0.0,-2.0,3.0,-1.3999999999999986,0.0431676146338037,5.600000000000001,-0.028442348507760395,-0.4666666666666668,3.367182222222212,2.3165670923665402,-5.909318431168771,0.06117536543151436,-0.06117536543151439,4.0,3.0,2.0,-2.0,6.0,-12.0,5.0,-4.0,-11.0,0.0015992928484504995,0.05999999999999994,11,2,1,0,-10.299999999999997,0.3999999999999986,1,0.09999999999999987,-408
1242,1227,Z04,Z13,25,-3,-0.05990783410138245,4.857142857142861,5.6624423963133665,-0.8052995391705062,2.7652575225264684,-5.0,0.0,0.0,-2.0,4.468894009216589,-0.05868168050909173,-0.5576036866359466,0.07284285521209422,1.8479262672811068,4.457302611367119,-1.107223933724626,2.2419551209882513,-0.0423649795492389,-0.017542854552143494,0.0,-2.0,5.0,-4.0,5.0,-72.0,-43.0,-33.0,-8.0,0.0006398676254365,0.124,3,4,0,0,-8.099999999999994,-23.39999999999999,1,-0.5999999999999999,1412
1257,1462,W10,W07,-10,-4,-0.007314524555903867,2.851619644723101,-1.467084639498438,4.318704284221523,2.841113492219378,-3.0,-1.0,-1.0,4.0,2.9070010449320804,-0.030454218110333275,1.4430512016718922,0.06924722352199697,1.3510971786833874,3.892198676419376,-3.9235967813308577,-7.925231720136779,0.08484304293248479,-0.09215756748838869,0.0,-2.0,1.0,-2.0,1.0,-11.0,-36.0,-3.0,-36.0,0.0006350710996141998,-0.041000000000000036,6,5,4,1,-29.700000000000003,-23.200000000000003,1,-0.10000000000000009,552
1448,1264,Y04,Y12,4,-1,-0.1490147783251231,9.47660098522168,12.19458128078817,-2.717980295566502,1.3743168395410486,-4.0,1.0,-2.0,0.0,4.309113300492612,0.01498506615810169,0.7894088669950747,-0.046429868373270566,2.0357142857142865,4.458605045529183,4.597880774567315,9.321684047791933,-0.09405842465210124,-0.054956353673021915,7.0,4.0,6.0,-2.0,13.0,-22.0,-10.0,-43.0,-10.0,0.0022243780017608995,0.040000000000000036,6,1,0,0,6.5,-5.5,1,-0.7,523
1458,1338,Y06,Y03,-4,-2,-0.07499999999999996,-0.24166666666666003,0.5729166666666572,-0.8145833333333314,5.397791215267468,-1.0,-1.0,1.0,-2.0,4.287500000000001,0.014991463935125848,1.1208333333333336,0.06464409618375411,-2.5041666666666664,0.18973777777779333,1.2019300481700412,1.3082602195184592,-0.010659104128145747,-0.0643408958718542,-2.0,-1.0,-1.0,3.0,-3.0,4.0,0.0,11.0,-2.0,-0.000239945086768,-0.21999999999999997,2,0,0,0,21.699999999999996,17.499999999999993,-1,-0.2999999999999998,371
1329,1338,Y02,Y03,12,-3,0.02155172413793105,9.331896551724142,7.802801724137929,1.5290948275862064,4.693694649364545,2.0,-1.0,1.0,-3.0,-0.5538793103448274,0.06382438776804966,2.101293103448281,0.043076923076923124,1.0107758620689662,6.5002137931034625,3.498334579922755,3.0305183829566715,-0.0023184653295925672,0.023870189467523603,0.0,-1.0,-2.0,1.0,-2.0,-2.0,0.0,6.0,-1.0,-0.00016854172903370008,-0.14,24,11,3,0,-15.399999999999999,-14.899999999999999,-1,-0.09999999999999987,-246
1462,1280,W07,W02,15,5,-0.1958874458874459,-6.682900432900439,-3.922077922077925,-2.7608225108225106,5.3207495457367315,-3.0,1.0,-3.0,-1.0,2.325757575757571,0.01545383016926588,-3.8235930735930737,0.016456110726211892,-2.9188311688311703,-3.8668929292929093,-2.6567965833962006,1.5561042780032182,-0.04690839534819258,-0.1489790505392532,1.0,-1.0,1.0,6.0,2.0,31.0,20.0,19.0,25.0,-0.00022203521365620014,0.10399999999999998,1,1,0,0,38.1,27.700000000000003,0,-0.30000000000000004,55
1462,1400,W07,W03,8,3,-0.0696969696969697,-6.709090909090918,-4.036363636363639,-2.672727272727272,-3.386068637664053,2.0,2.0,-4.0,0.0,1.7090909090909037,0.009237238299931894,-2.1878787878787875,0.003565181694866859,0.678787878787876,-2.3840840404040264,-5.212790264068474,-2.3638419203187055,-0.04502956039985517,-0.0246674092971145,1.0,0.0,-1.0,4.0,0.0,25.0,15.0,9.0,29.0,-0.00011173769402179987,0.126,-8,-3,-1,0,5.799999999999997,-3.799999999999997,1,-0.6000000000000001,-1037
1246,1428,Y02,Y06,10,0,0.0,6.366666666666674,4.966666666666669,1.4000000000000004,2.794987600123461,0.0,1.0,5.0,1.0,7.566666666666661,-0.03034092019146234,0.03333333333333144,-0.06811786490151195,-1.4000000000000021,7.175751111111111,-3.4075067095374294,-3.7072837577745332,0.00714851096344149,-0.007148510963441504,4.0,3.0,-1.0,1.0,3.0,-12.0,5.0,-6.0,-1.0,0.0016535735086265994,0.10499999999999998,10,8,1,1,-17.9,-20.199999999999996,-1,-0.10000000000000009,1146
1431,1428,Y11,Y06,-6,2,-0.05208333333333337,8.28958333333334,9.56666666666667,-1.2770833333333336,1.6344094849286694,0.0,2.0,4.0,2.0,4.5145833333333325,0.0021695040589844727,1.0395833333333329,0.06052041244829709,-2.0583333333333336,6.56217333333332,0.3299272517423759,4.908537250624434,-0.054724845992700444,0.002641512659367004,0.0,1.0,-1.0,3.0,-1.0,10.0,38.0,43.0,22.0,-0.0007793688215933002,0.135,-1,-1,0,0,6.000000000000007,16.6,-2,-0.30000000000000004,-24
1261,1412,X06,X11,-14,-2,0.012235817575083519,-2.32369299221358,-0.5139043381535089,-1.8097886540600667,1.5605696572010466,-4.0,-2.0,-2.0,-1.0,-0.056729699666295375,0.016186912300901912,-0.4282536151279217,0.03195414112800454,-0.14571746384872064,-5.125773051538758,3.351045787802775,6.241981136176079,-0.0629948272420029,0.0752306448170864,4.0,1.0,0.0,-1.0,4.0,-24.0,25.0,-23.0,33.0,-0.00040857113952239964,-0.09599999999999997,1,0,0,0,26.39999999999999,24.299999999999997,-1,0.5,-2
1203,1210,W12,W05,-12,-1,0.12528735632183907,2.6747126436781627,0.6310344827586221,2.043678160919539,-3.2279893948994083,6.0,0.0,-4.0,-1.0,-3.0712643678160916,0.03295267338859231,1.111494252873566,0.016445248572169002,-0.3344827586206911,-0.7333639846743267,5.395066747722538,2.737310657350008,0.043269943260304866,0.08201741306153419,-1.0,0.0,-7.0,3.0,-8.0,29.0,-9.0,21.0,-17.0,-0.0012230747780043,-0.08799999999999997,-3,-1,-1,0,19.900000000000006,16.299999999999997,0,-0.5000000000000002,-1561
1257,1210,W04,W05,22,1,0.23763440860215057,5.981720430107529,-3.6548387096774206,9.636559139784945,1.5969225123129647,5.0,-1.0,-2.0,-1.0,5.969892473118275,0.0745124894019435,2.218279569892477,0.041575518309446835,-0.9129032258064527,-0.9190422939068128,11.163415704941016,-2.253487956627964,0.13380837532434797,0.1038260332778025,6.0,4.0,-7.0,0.0,-1.0,-15.0,2.0,-14.0,2.0,0.0014667504364101998,0.09999999999999998,7,6,4,1,-13.899999999999999,-14.100000000000001,2,-0.40000000000000013,-691
1390,1280,Y08,Y09,-23,-2,-0.08750000000000002,-2.3375000000000057,2.0333333333333314,-4.370833333333334,-5.9183979676259035,-3.0,0.0,1.0,2.0,-6.0,0.0156832298136646,-1.5145833333333343,0.07389128133447087,-1.0583333333333336,-0.26292888888889365,-3.721966130584022,3.2441864217251037,-0.18233671579969457,0.0948367157996946,3.0,0.0,-3.0,5.0,0.0,12.0,9.0,-3.0,21.0,-0.0008034162302753001,-0.138,-2,1,0,0,-6.099999999999994,-16.9,1,0.0,-823
1150,1301,Z07,Z10,-12,-4,0.15625,4.513392857142861,5.696428571428569,-1.1830357142857144,-5.329381377695224,1.0,-4.0,3.0,-1.0,-1.1875,-0.0013937173102822054,4.008928571428573,-0.011294632013602146,0.8973214285714288,4.364422510822514,-2.34015167867895,-1.3021965668380489,-0.05315686014993004,0.20940686014992999,-1.0,-1.0,-5.0,-1.0,-6.0,-32.0,-32.0,25.0,-40.0,-0.0019959868101940004,0.008000000000000007,0,-1,0,0,-4.100000000000001,-0.7000000000000028,-1,0.19999999999999996,-453
1163,1301,Z02,Z10,-3,-3,0.16487068965517238,4.776939655172413,0.3836206896551744,4.393318965517242,-1.3551145206723234,0.0,-3.0,0.0,-3.0,-8.316810344827584,-0.017794714924682598,3.6099137931034484,0.0016081000595593586,2.9256465517241406,5.124662068965527,-2.9291975788800357,-7.825810590432056,0.09172451456492792,0.0731461750902444,1.0,1.0,-3.0,-3.0,-2.0,-50.0,-20.0,-18.0,-16.0,0.00013960472263850002,0.08299999999999996,13,9,2,2,-16.700000000000003,-18.700000000000003,-2,-0.5999999999999999,791
1329,1112,X02,X03,-1,-4,-0.025078369905956133,-1.5632183908046073,-3.6833855799373083,2.120167189132708,1.3106166891164008,-1.0,0.0,-2.0,2.0,0.17659352142110762,0.008686411969847208,1.4451410658307218,-0.005667579453987215,-0.9864158829676057,-3.522202438174844,4.9059028891818315,1.3348387206861503,0.04585808601658736,-0.0709364559225434,2.0,2.0,1.0,-1.0,3.0,-3.0,-2.0,-8.0,-1.0,0.0008799498575635997,-0.015000000000000013,0,0,-2,-1,-10.400000000000006,-14.799999999999997,-1,0.7,281
1412,1112,X11,X03,-22,-2,-0.1407624633431086,-1.86021505376344,2.0029325513196454,-3.8631476050830873,-0.4190057299117331,-2.0,2.0,2.0,3.0,1.647116324535677,-0.049803625099109294,4.5630498533724335,-0.08025621027530505,-1.4613880742912997,1.1107117627891938,-4.140049685257836,1.2062388589911563,-0.10626489344981505,-0.0344975698932936,-5.0,-2.0,1.0,3.0,-4.0,41.0,5.0,40.0,1.0,-0.0017926231897178006,-0.08099999999999996,-24,-12,-5,-1,-21.700000000000003,-27.799999999999997,-1,-0.7,-1055
1228,1112,X01,X03,1,0,0.15151515151515138,-2.2424242424242493,-9.424242424242422,7.181818181818185,-3.649423815484683,5.0,-1.0,-3.0,0.0,4.757575757575758,-0.002969723667212709,-1.5757575757575744,-0.05393552666186385,-3.7272727272727284,-5.446335353535346,7.5234316002311346,-5.595760419572727,0.10245444597124254,0.049060705543908796,7.0,5.0,-4.0,-1.0,3.0,-6.0,-1.0,-14.0,2.0,0.0038008860465739,-0.013000000000000012,-22,-10,-4,-1,10.599999999999994,11.0,-1,0.4999999999999998,396
1436,1393,Y13,Y04,3,-3,-0.018181818181818188,-2.88484848484849,-2.8242424242424207,-0.06060606060606233,1.5554875234802328,0.0,-2.0,-2.0,1.0,8.842424242424244,0.046001113702015095,-3.8878787878787904,0.055960575378509736,-1.4969696969696962,-1.0114197979797908,-1.4178793305903952,-3.5067225338813586,0.007190253303202332,-0.025372071485020492,-5.0,-4.0,-3.0,3.0,-8.0,6.0,-3.0,59.0,-36.0,-0.0011929860172291001,-0.264,-21,-13,-3,-1,-15.600000000000009,-14.5,-2,0.0,-1451
1436,1277,Y13,Y05,-11,2,0.014285714285714346,-5.471428571428575,-1.423809523809517,-4.0476190476190474,-1.3029701220620051,3.0,-1.0,1.0,-2.0,4.564285714285717,-5.564918752187786e-05,-1.7904761904761948,-0.055510409776685865,-1.9904761904761905,-0.8740114285714284,-5.672600259669039,-1.0612291733964838,-0.04691043967394104,0.0611961539596555,-8.0,-3.0,-2.0,2.0,-10.0,5.0,-6.0,69.0,-41.0,-0.0012431434654582001,-0.22499999999999998,-5,-6,-4,-1,-13.100000000000009,-14.299999999999997,0,0.10000000000000009,-909
1314,1277,Z01,Y05,16,3,0.08525345622119818,10.702764976958534,6.900921658986192,3.8018433179723505,-0.8491575565082581,4.0,-1.0,2.0,-1.0,-0.5841013824884769,0.04012450963670472,7.513824884792626,-0.04048489278752432,2.8202764976958505,9.586809216589856,-0.5802218012441784,-2.9640483363232875,0.01472193248617959,0.07053152373501859,0.0,0.0,-2.0,0.0,-2.0,-15.0,6.0,-2.0,-3.0,0.0046921587059472,0.09600000000000009,8,4,1,0,6.799999999999997,3.799999999999997,-1,0.0,648
1153,1246,Y07,Y02,-9,1,-0.05913978494623662,2.6860215053763454,2.519354838709681,0.16666666666666607,0.79153526556453,-2.0,1.0,-2.0,1.0,-0.3010752688172005,0.009526592635885511,5.600000000000001,0.029399613662501878,0.4182795698924746,1.0899314695340365,1.3249524684396903,2.574934890695971,-0.0043457330223004575,-0.05479405192393609,-3.0,-3.0,1.0,1.0,-2.0,13.0,-1.0,12.0,-10.0,-0.0009290157153694998,-0.0010000000000000009,3,-5,0,-1,13.200000000000003,16.5,0,0.40000000000000013,-1147
1277,1246,Y05,Y02,6,-2,-0.04761904761904767,4.338095238095235,1.4571428571428484,2.8809523809523796,1.695054957661208,-3.0,0.0,-5.0,2.0,-0.2976190476190439,0.022294106230187016,-1.042857142857141,0.1118871946220692,0.8238095238095262,-0.9609396825396743,7.6852122101217475,4.399288938311614,0.02875410974863879,-0.07637315736768659,2.0,0.0,1.0,0.0,3.0,10.0,-4.0,-9.0,8.0,-0.00045428639070229943,-0.03500000000000003,-4,-3,3,0,44.7,56.5,0,0.6000000000000001,-267
1428,1328,Y06,Y03,9,-1,0.05913978494623662,-8.05268817204302,-6.098924731182798,-1.9537634408602145,-4.954119263542278,1.0,-1.0,-1.0,-1.0,-5.781720430107525,-0.01591922179636729,1.431182795698927,0.04720324735319503,0.6268817204301076,-6.3733883870967745,-0.26596144896915064,0.13880969208700833,-0.011653168702938865,0.07079295364917551,-5.0,-3.0,-1.0,-1.0,-6.0,5.0,-8.0,2.0,-9.0,-0.0017134194946030997,-0.0050000000000000044,-9,-2,-1,0,-0.6999999999999957,-1.8999999999999986,2,0.3999999999999999,3
1280,1181,Y09,Y01,-8,2,-0.14583333333333337,-7.329166666666666,0.20000000000000284,-7.529166666666669,2.9414410382437364,0.0,1.0,1.0,-3.0,-5.800000000000001,-0.05269262211322301,-1.6187499999999986,-0.0464102494991151,1.5250000000000004,-1.5973377777777813,-8.485787813755906,3.308652777874798,-0.1507606085531581,0.004927275219824695,-7.0,-4.0,6.0,-1.0,-1.0,25.0,-7.0,38.0,-16.0,-0.0035954536057883997,-0.08099999999999996,-17,-16,-10,-3,2.8999999999999986,3.5999999999999943,0,0.30000000000000027,-68
1277,1181,Y05,Y01,10,-2,-0.04761904761904767,-1.6952380952380963,-2.44285714285715,0.747619047619045,1.509536417841458,-3.0,0.0,-1.0,-1.0,-4.264285714285716,-0.02461033854313449,-4.542857142857141,0.06325653491157601,0.257142857142858,-3.668566349206344,3.015405257628018,2.580047317291445,0.012404363741189028,-0.0600234113602368,-1.0,-2.0,3.0,-2.0,2.0,17.0,-6.0,1.0,1.0,-0.002204154121501699,-0.040000000000000036,-13,-10,-6,-2,26.800000000000004,28.799999999999997,0,0.10000000000000009,-71
1257,1449,W04,W01,14,0,0.032258064516129004,-5.677419354838705,-10.774193548387103,5.096774193548386,1.1287479765421224,0.0,2.0,-2.0,2.0,4.806451612903221,0.013306069227121797,2.967741935483872,-0.0045005427591180425,-0.2258064516129039,-3.4500129032258116,-0.6642776481692749,-9.956774203394744,0.06711266288396034,-0.03485459836783139,-1.0,0.0,-2.0,1.0,-3.0,9.0,11.0,-1.0,3.0,0.00056850819143,0.18399999999999994,8,6,5,1,-29.1,-29.000000000000007,2,-0.09999999999999987,521
1257,1228,W04,X01,-15,-2,-0.09872922776148574,3.12414467253177,2.523949169110452,0.6001955034213076,9.411302230341851,-5.0,2.0,2.0,1.0,2.1153470185728196,0.0043432642803112875,7.300097751710656,0.0038505645319186765,3.2658846529814287,4.572771847507326,-3.6204936748552967,-2.169886991396126,-0.0006152933324627963,-0.098113934429023,-5.0,-2.0,2.0,1.0,-3.0,10.0,15.0,8.0,9.0,-0.0026951117177676006,0.010000000000000009,7,4,4,1,-33.4,-33.4,1,-0.4999999999999998,-581
1314,1228,Z01,X01,5,-2,-0.09872922776148574,11.349951124144681,10.136852394916914,1.2130987292277595,6.165891613332036,-5.0,0.0,1.0,1.0,-3.336265884652981,0.001184142700137114,10.719452590420332,0.010572078262007678,5.556207233626589,10.942217008797655,-2.907249483613171,0.05791755832755996,-0.008394742602224725,-0.09033448515926111,-5.0,-4.0,3.0,0.0,-2.0,4.0,2.0,1.0,0.0,0.0007946526945027,0.07700000000000007,12,7,4,1,5.0,3.700000000000003,-1,-0.2999999999999998,101
1235,1314,Z09,Z01,-27,-2,-0.25027808676307006,-20.394883203559516,-6.120133481646278,-14.274749721913237,-3.10701703508248,-7.0,3.0,1.0,0.0,-5.865406006674084,-0.1071989654181435,-7.319243604004445,-0.04367853591846882,-3.746384872080089,-8.907739265850964,-15.49175384209829,0.9301437044776435,-0.25377252575821985,0.0034944389951499094,-3.0,-1.0,2.0,5.0,-1.0,56.0,7.0,43.0,-3.0,-0.0067722790117660005,-0.258,-15,-10,-5,-1,-37.6,-43.2,1,-0.8,-1556
1356,1329,X07,X02,-8,3,-0.0118534482758621,-11.228448275862064,-5.768318965517238,-5.460129310344827,-4.601731495557759,0.0,-1.0,0.0,0.0,-1.1131465517241388,-0.04383135202443722,-5.391163793103448,-0.02634936123308218,-1.049568965517242,-3.1780965517241384,-11.775501820217158,-4.946979430337677,-0.0989443202150837,0.08709087193922149,-4.0,-2.0,-3.0,4.0,-7.0,11.0,-1.0,22.0,11.0,-0.0020081253438054003,0.04800000000000004,-25,-13,-3,0,-7.600000000000001,0.7999999999999972,-1,-0.5,-1311
1301,1458,Z10,Z06,-9,2,-0.13958333333333328,6.677083333333329,6.741666666666667,-0.06458333333333321,2.216140082013048,1.0,5.0,-3.0,4.0,4.170833333333334,-0.016225359474593526,1.2958333333333343,0.027889016018306623,0.8145833333333314,2.3838399999999993,6.256103837853871,6.851900541182616,-0.024473440692069914,-0.1151098926412633,-2.0,1.0,3.0,2.0,1.0,49.0,32.0,4.0,20.0,0.00044694413348080053,-0.04700000000000004,1,-1,0,0,1.2999999999999972,5.799999999999997,1,-0.30000000000000004,112
1314,1458,Z01,Z06,6,1,0.1376344086021506,21.607526881720432,10.624731182795706,10.98279569892473,0.5582539442541243,5.0,-1.0,-2.0,2.0,-0.3150537634408579,0.014914481610751595,7.604301075268818,0.06719054580896688,5.21075268817204,12.72962064516129,9.795228090832083,-2.2735770842367202,0.12327657601470843,0.014357832587442096,2.0,2.0,-2.0,-2.0,0.0,-8.0,1.0,-18.0,-4.0,0.0055283053009765005,0.14400000000000002,12,8,5,1,32.099999999999994,38.8,-1,0.0,1180
1130,1437,Y04,Y01,-1,3,-0.08081896551724133,-0.8825431034482705,3.0818965517241352,-3.9644396551724164,-2.16843289851135,-1.0,1.0,3.0,3.0,-7.457974137931039,-0.013714480660705908,1.8793103448275872,-0.0796536190573146,2.036637931034482,-1.6346501149425308,1.1980035170576429,7.740253206555067,-0.09242337630690822,0.0116044107896668,-6.0,0.0,0.0,3.0,-6.0,20.0,11.0,16.0,2.0,-0.0011294425243680998,-0.039000000000000035,3,-1,0,0,-11.0,-2.700000000000003,1,0.0,-320
1112,1437,Y08,Y01,-4,2,-0.2491657397107897,-2.4783092324805267,4.2714126807563915,-6.749721913236932,-0.7609860055488102,-6.0,1.0,0.0,1.0,-10.067853170189103,-0.07074054095707788,-1.4916573971078932,-0.05087565942829109,2.208008898776418,3.0732501001112382,-11.177675668478514,0.524141485554594,-0.1877392362894268,-0.06142650342136299,-6.0,-1.0,4.0,4.0,-2.0,21.0,-3.0,32.0,0.0,-0.0020301257426916,0.123,23,11,5,1,-13.200000000000003,-23.200000000000003,1,-0.19999999999999996,-201
1196,1437,Y03,Y01,13,4,-0.04388714733542309,3.858934169278996,0.9947753396029171,2.864158829676068,1.0548018318730854,-2.0,1.0,-2.0,0.0,-4.794148380355278,0.007654153371635608,0.9853709508881963,-0.016611721846659155,3.602925809822363,2.7640197840473775,1.2379852673443565,-3.1345750450881695,0.03188574438294911,-0.0757728917183722,-2.0,1.0,0.0,2.0,-2.0,13.0,3.0,2.0,0.0,0.00024944029314040005,0.07799999999999996,4,1,2,1,-24.9,-38.800000000000004,1,-0.7,-1407
1231,1211,X06,X03,-10,-1,-0.2793103448275862,-8.92758620689655,-6.570114942528733,-2.357471264367817,7.242025690370866,-3.0,3.0,-5.0,2.0,6.398850574712643,0.029437372049791688,-8.024137931034485,-0.08400590124099627,1.2873563218390824,-0.6370006269592494,-10.236725944705299,-7.118016110088163,-0.05623162398168757,-0.2230787208458985,4.0,1.0,5.0,3.0,9.0,25.0,0.0,14.0,11.0,-4.648204750440019e-05,-0.22799999999999998,-3,-2,1,0,-15.799999999999997,-14.599999999999994,-2,0.6000000000000001,-1002
1261,1400,W04,W02,10,-3,-0.08484848484848495,-1.354545454545459,5.142424242424241,-6.4969696969697,-6.907436918711014,-3.0,1.0,1.0,3.0,-6.712121212121213,-0.04218262357797237,1.0454545454545467,-0.022256675279931137,1.869696969696971,2.6324234343434085,-7.492098095773159,3.9944980837071142,-0.09446822942184974,0.009619744573364786,-2.0,-2.0,1.0,1.0,-1.0,5.0,3.0,7.0,1.0,-0.0020235932473996006,-0.07500000000000007,-10,-3,0,0,-13.700000000000003,-12.299999999999997,1,-0.6,-1598
1301,1400,W10,W02,-21,-3,-0.11818181818181828,-0.4212121212121218,7.575757575757578,-7.996969696969698,-5.500178721068453,-5.0,2.0,0.0,2.0,5.087878787878786,-0.0009545688181177847,1.1787878787878796,0.0350670547280717,-0.030303030303029388,-0.14907345454545862,-2.5686184905430594,9.45621084078607,-0.13763598013196,0.019454161950141685,-6.0,-2.0,1.0,2.0,-5.0,43.0,-28.0,19.0,-7.0,-0.002821541526375401,-0.03500000000000003,-8,-4,-1,0,9.0,1.2000000000000028,1,0.5,-1578
1261,1417,W04,X02,-14,-3,-0.08484848484848495,6.190909090909088,6.11212121212121,0.07878787878787463,3.9220867859971023,-5.0,-1.0,-1.0,2.0,-4.74242424242424,-0.019234214061800314,2.287878787878789,-0.004245225344191028,1.0212121212121232,6.306928484848456,-1.7385787745394765,0.8226490843539551,-0.017717683193196443,-0.0671308016552885,0.0,-3.0,1.0,1.0,1.0,3.0,1.0,1.0,-11.0,-0.0002349674451483999,-0.04800000000000004,-1,-1,0,0,-21.0,-13.0,0,-0.09999999999999998,-445
1272,1417,X01,X02,-5,0,0.09090909090909094,12.333333333333329,6.757575757575751,5.575757575757574,1.6834044796901804,-2.0,-2.0,-5.0,-1.0,4.030303030303035,-0.004862891135077596,5.878787878787879,-0.018687422850089175,1.2727272727272751,10.591741414141381,0.5287556861008227,-4.577369460274966,0.05845505486185765,0.03245403604723321,1.0,-3.0,-2.0,-1.0,-1.0,-6.0,0.0,-5.0,-11.0,0.0010034122405207999,0.09899999999999998,3,1,0,0,-22.599999999999994,-10.700000000000003,0,-0.30000000000000004,421
1196,1417,Y03,X02,16,0,0.0,10.696969696969688,5.666666666666657,5.030303030303028,5.054865385537468,-2.0,-1.0,-3.0,-1.0,1.181818181818187,0.037287616288786074,3.393939393939398,0.031114418856403425,0.3333333333333375,5.917349494949491,6.415890775946721,-0.49652162983052506,0.05572823713445041,-0.0557282371344503,0.0,-1.0,-1.0,1.0,-1.0,5.0,2.0,-7.0,-8.0,0.0010423194825613996,0.06399999999999995,3,0,1,1,-13.699999999999996,-25.1,0,0.19999999999999996,-493
1104,1417,X10,X02,-3,-4,-0.23197492163009414,1.3897596656217388,8.016718913270637,-6.626959247648905,3.123932686073683,-10.0,1.0,-2.0,-1.0,-1.3343782654127452,-0.017193791639212308,2.6154649947753406,0.0026911058950168654,-1.0282131661441998,1.754745802856128,-1.3599056813094137,9.778249360035034,-0.24766115859639637,0.015686236966302308,-1.0,-4.0,1.0,5.0,0.0,47.0,-15.0,59.0,2.0,-0.002441639700052,0.031000000000000028,2,-2,-1,0,-7.599999999999994,-13.799999999999997,0,0.10000000000000009,122
1211,1417,X03,X02,-2,-3,0.08181818181818179,11.524242424242416,13.345454545454544,-1.821212121212123,-2.4667277018880807,-2.0,-3.0,3.0,-1.0,-2.009090909090908,0.009270471830465976,6.08787878787879,0.07913866410643255,-1.2121212121212093,5.26490505050505,6.791665265053865,10.843265700159321,-0.08622582646655608,0.1680440082847378,-6.0,-4.0,-2.0,-1.0,-8.0,-1.0,2.0,15.0,-12.0,-0.0015097589114703002,0.19599999999999995,2,0,-1,0,14.200000000000003,14.0,0,0.3999999999999999,776
1449,1429,Z05,Z12,14,0,0.06666666666666676,10.933333333333337,5.1000000000000085,5.833333333333335,4.0838844674049195,-2.0,0.0,-3.0,-1.0,-0.3000000000000007,-0.03773527625986639,4.333333333333332,0.021648230691966863,2.0333333333333314,8.417066666666692,1.4804802515112243,-4.100043786623658,0.10347462353258452,-0.0368079568659178,2.0,0.0,0.0,-2.0,2.0,-11.0,-6.0,-46.0,19.0,0.0010538473518277996,-0.09300000000000008,-2,2,0,0,-8.899999999999999,-10.799999999999997,0,0.7,142
1449,1228,Z05,Z04,3,-1,-0.006451612903225712,12.432258064516134,11.336559139784953,1.0956989247311846,3.2765727963437836,-3.0,1.0,1.0,1.0,-2.258064516129032,0.0017574899740505079,2.9322580645161267,0.1142541354201565,2.6784946236559115,7.8693578781362135,4.028463366166974,3.9198037356918007,-0.014551376777908076,0.008099763874682295,-3.0,-3.0,-2.0,2.0,-5.0,21.0,5.0,9.0,10.0,-0.0012160591769191003,-0.15600000000000003,-1,-1,-1,0,8.5,12.700000000000003,-1,0.0,-419
1449,1163,Z05,Z01,-6,0,-0.09999999999999998,1.066666666666677,4.0,-2.933333333333332,-1.6470419832127767,-4.0,2.0,0.0,2.0,3.1999999999999993,0.006706706706706811,-4.600000000000001,0.04604559527160157,0.8333333333333321,0.8939520000000272,-0.6195136640051402,4.727291444709323,-0.03830733337598802,-0.0616926666240119,-6.0,-5.0,-1.0,4.0,-7.0,32.0,3.0,18.0,11.0,-0.0019622924918609,-0.123,-15,-9,-2,-2,-30.000000000000007,-28.099999999999994,1,0.0,-1434
1246,1163,Z08,Z01,-4,3,-0.26363636363636367,-10.878787878787875,0.17272727272727195,-11.05151515151515,-3.9874509571650076,0.0,5.0,1.0,0.0,6.684848484848484,-0.00267792475126738,-8.742424242424242,-0.04554125447647406,-0.8060606060606048,-5.168879191919181,-6.210349757336559,9.33807601310896,-0.22428535938086014,-0.0393510042555034,-7.0,-3.0,6.0,3.0,-1.0,38.0,2.0,28.0,23.0,-0.0022165952436857,0.03300000000000003,-6,-2,-1,-1,-10.600000000000009,-13.599999999999994,1,-0.10000000000000009,-323
1454,1328,Y11,Y06,8,0,0.0,4.928571428571431,2.7142857142857153,2.2142857142857144,0.3575091716066652,2.0,1.0,-4.0,-1.0,2.6428571428571423,-0.021196361440620204,3.5,-0.023745216205516173,-0.25,4.620419047619045,-1.4701921945703589,-3.157271058380843,0.061269947286700654,-0.0612699472867006,-6.0,0.0,-2.0,2.0,-8.0,37.0,-10.0,30.0,8.0,-0.0003212777577536992,0.06699999999999995,-11,-3,-1,0,17.699999999999996,10.000000000000007,-2,1.0,-1376
1112,1458,Y08,Y09,19,1,-0.02043010752688168,1.9354838709677438,3.3645161290322534,-1.4290322580645158,-1.2437035978086097,2.0,0.0,0.0,1.0,-4.949462365591398,-0.025982678214523602,-1.9376344086021433,0.037178518862808985,1.850537634408603,3.07183621505375,-3.553962921966118,-0.3729303389838776,-0.061158065688678764,0.0407279581617971,-4.0,2.0,2.0,-1.0,-2.0,-1.0,5.0,1.0,10.0,2.3481403664100085e-05,0.08299999999999996,22,11,5,1,26.0,11.700000000000003,2,0.0,1156
1137,1116,X09,X08,4,-2,0.15239154616240258,-8.012235817575089,-9.409343715239153,1.3971078976640712,2.081053407626584,5.0,0.0,-2.0,-5.0,-1.2202447163515,0.04743685560443661,-1.7964404894327046,-0.0028135973749351395,1.0956618464961085,-5.001311205042654,-3.1108223283016088,-7.711789924998399,0.05538943995216705,0.0970021062102355,-3.0,-1.0,-3.0,-2.0,-6.0,-3.0,-23.0,26.0,-10.0,-0.0010209291504761995,-0.02200000000000002,0,-1,0,0,8.899999999999991,12.0,-3,0.40000000000000013,2
1320,1207,Y10,Y07,-5,0,0.0,-1.2333333333333343,-0.8999999999999986,-0.3333333333333339,-0.6611318334121172,0.0,1.0,-1.0,5.0,0.13333333333333286,-0.012876312648445298,1.1666666666666643,0.015486497629354834,0.7000000000000011,1.481457777777777,-8.045507426537,-5.07319359955531,-0.006910550460711873,0.0069105504607119145,2.0,1.0,-3.0,3.0,-1.0,-11.0,2.0,7.0,-6.0,-0.00035378547138900044,-0.041000000000000036,0,-1,0,0,-7.0,-6.299999999999997,-2,0.30000000000000004,-25
1326,1207,Y02,Y07,-18,0,0.13333333333333341,8.033333333333331,3.9666666666666686,4.0666666666666655,0.15224071199158473,-1.0,-1.0,0.0,1.0,3.533333333333335,0.009961057593769196,2.333333333333332,0.015147115756871887,0.40000000000000036,6.248817777777788,-0.357933175260996,-3.628007033404586,0.07709232177849568,0.05624101155483792,2.0,1.0,-2.0,-2.0,0.0,-31.0,13.0,-8.0,-1.0,0.0005725613124199997,0.122,2,0,0,0,-18.10000000000001,-20.099999999999994,-1,0.40000000000000013,28
1272,1137,X01,X09,16,4,0.047021943573667846,14.5987460815047,10.223615464994772,4.375130616509928,-3.4843185427238037,-1.0,0.0,-2.0,0.0,6.019853709508885,-0.03513448100385996,4.435736677115987,-0.006369311170791869,1.3354231974921618,10.368052163009395,4.442963204108452,1.681765159715951,0.026185559888751375,0.0208363836849164,7.0,1.0,0.0,-1.0,7.0,-38.0,3.0,-35.0,-2.0,0.0028863977912371996,0.15500000000000003,6,4,1,0,-38.89999999999999,-36.60000000000001,2,-1.4000000000000001,915
1301,1143,W10,W07,6,0,0.033333333333333326,6.5,2.933333333333337,3.5666666666666664,3.543111579158703,-2.0,0.0,-3.0,-1.0,10.100000000000001,0.0027436034313664814,-1.8999999999999986,0.022837488050913013,1.299999999999999,2.519651555555555,5.950657556218374,-0.07904738876037243,0.10972547536299282,-0.0763921420296595,-1.0,1.0,1.0,-2.0,0.0,-1.0,-31.0,-25.0,-6.0,0.0009491249428929998,0.02400000000000002,-2,-1,0,0,8.5,2.799999999999997,0,0.5,73
1400,1452,W02,W06,3,4,0.1630094043887148,5.466039707419014,-4.94357366771159,10.409613375130618,10.01157588668278,4.0,-1.0,2.0,-3.0,-9.76489028213166,0.03749202006383939,7.592476489028211,-0.023826829510475545,5.352142110762799,2.84032936259144,3.9681560882690405,-11.544924813371438,0.2039912745930479,-0.04098187020433308,2.0,0.0,-3.0,-1.0,-1.0,-30.0,18.0,-12.0,2.0,0.002898204033185101,0.03600000000000003,10,3,1,0,-12.099999999999994,-6.700000000000003,0,-1.1,1000
1356,1452,W11,W06,-18,2,0.05450500556173532,-9.880978865406014,-9.292547274749715,-0.5884315906562847,-0.13024994174490345,4.0,0.0,3.0,-1.0,-12.439377085650722,-0.005832864694635009,5.331479421579534,-0.057365048580609646,5.977753058954393,-1.9814694252873508,-13.489289121652092,-13.744878032086305,0.008861669127063765,0.045643336434671604,0.0,-1.0,-4.0,3.0,-4.0,-9.0,14.0,30.0,7.0,-0.0001753871132286998,0.10499999999999998,-2,-2,0,0,-25.39999999999999,-22.299999999999997,-1,-1.5,-649
1181,1203,W01,W08,13,5,-0.01948051948051943,3.5508658008658074,2.2911255411255382,1.2597402597402567,0.18616795088512106,5.0,1.0,0.0,1.0,2.9361471861471884,0.041140765633751464,-0.28787878787878896,0.11936072505925455,-0.7489177489177479,0.13029264069261615,5.798311922512511,4.180187230048247,0.010618254835655816,-0.030098774316175303,10.0,5.0,1.0,0.0,11.0,-36.0,1.0,-30.0,17.0,0.0048867375974256996,0.132,20,17,10,3,-7.300000000000011,-3.0999999999999943,-1,-0.20000000000000018,1481
1181,1261,W01,W04,-8,3,0.1757575757575759,7.74848484848485,3.7363636363636346,4.012121212121212,-0.9851112398752271,8.0,-1.0,1.0,-3.0,6.924242424242427,0.058043183810054966,3.712121212121211,0.061592501490757456,-2.172727272727272,1.56248565656567,9.095377127053638,2.413625837875884,0.05414814049780692,0.1216094352597688,4.0,4.0,-4.0,-1.0,0.0,-12.0,-2.0,-12.0,2.0,0.003475409419040099,0.17400000000000004,18,15,9,3,19.799999999999997,20.400000000000006,-1,0.9999999999999999,1731
1196,1454,Y03,Y11,22,5,0.10389610389610393,5.7370129870129745,-0.9621212121212182,6.699134199134199,1.0093958044698148,3.0,0.0,0.0,-1.0,-0.706709956709954,0.05656948911384152,-0.07251082251081797,0.0432458677249794,1.0930735930735942,1.1827994227994338,7.348179956163037,-3.6569663023087173,0.1171589686308615,-0.013262864734757504,6.0,3.0,2.0,-4.0,8.0,-38.0,15.0,-63.0,12.0,0.0032700901455970993,-0.02100000000000002,7,3,2,1,-18.699999999999996,-30.500000000000007,2,-0.9000000000000001,4
1207,1196,Y07,Y03,-4,-3,-0.11818181818181828,-12.606060606060595,-5.25454545454545,-7.351515151515151,-3.073646264947268,-1.0,0.0,3.0,0.0,0.3757575757575715,-0.033556990312575585,-5.806060606060608,-0.0302193710370654,-3.145454545454548,-9.196909898989908,-2.8651036739257165,5.949658948707466,-0.11465854832039479,-0.0035232698614236085,-3.0,-3.0,3.0,0.0,0.0,21.0,-13.0,12.0,-2.0,-0.0017368967080100993,-0.05999999999999994,-5,-2,-2,-1,34.1,54.199999999999996,0,0.6000000000000001,40
1231,1211,Z07,Z10,13,-3,-0.030303030303030387,-8.221212121212119,-7.924242424242436,-0.29696969696969866,-0.4911527902080408,-5.0,-2.0,-2.0,2.0,3.575757575757578,-0.011519103180050394,-3.739393939393942,-0.03865610701124489,-1.663636363636364,-5.676871111111126,-1.6087452246882776,-1.416282129819578,0.017920793049127748,-0.04822382335215819,2.0,-3.0,2.0,-2.0,4.0,-33.0,-9.0,-34.0,-4.0,0.00016828869014659954,-0.15800000000000003,5,0,1,0,-15.899999999999999,-1.0,0,0.0,-113
1314,1425,W01,W05,10,0,0.1470588235294117,14.852941176470594,3.088235294117652,11.764705882352942,0.308040934237896,4.0,-2.0,-5.0,-2.0,1.7941176470588243,-0.038370655524779695,4.029411764705884,0.00013239306327383904,-0.7647058823529402,6.42803450980395,11.83105283893039,-2.937441271468785,0.17770078074056495,-0.030641957211153287,3.0,1.0,-2.0,-3.0,1.0,-45.0,0.0,-42.0,11.0,0.0054208606565018,0.15500000000000003,12,9,5,1,11.800000000000011,4.6000000000000085,-1,-0.29999999999999993,1699
1116,1425,W12,W05,-17,0,-0.05882352941176472,-0.029411764705884025,0.6764705882352899,-0.7058823529411766,-0.01928796608330252,0.0,0.0,-3.0,-2.0,3.4411764705882355,-0.05091615060864141,0.08823529411764852,-0.0058051277964819015,0.6176470588235325,0.5086619607843375,-0.16185521970770367,2.5740530031557682,-0.02623309223217829,-0.0325904371795864,-5.0,-2.0,-1.0,3.0,-6.0,-12.0,3.0,-13.0,16.0,0.0003883046083986005,-0.052000000000000046,-3,-1,0,0,-20.89999999999999,-37.699999999999996,-2,-0.09999999999999987,15
1314,1207,W01,W02,-12,2,0.011029411764705843,17.795955882352942,11.242647058823536,6.553308823529413,3.1360365434274424,0.0,-2.0,-2.0,2.0,-1.3621323529411757,-0.0011295295661996052,6.4485294117647065,-0.010341103265950946,0.1911764705882355,13.321192156862757,1.1637361191273499,-2.907173163355793,0.03431897998605282,-0.023289568221346993,2.0,0.0,0.0,0.0,2.0,-7.0,-17.0,-5.0,-2.0,0.0036650672413934,0.14,14,9,4,1,20.60000000000001,25.700000000000003,-2,-0.4,433
1326,1207,X01,W02,7,1,0.09659090909090917,5.16761363636364,3.2765151515151487,1.8910984848484844,0.3352309693265827,-1.0,-3.0,2.0,1.0,3.358901515151519,-0.0027524194654979794,1.231060606060609,-0.022169300486809873,-1.9924242424242422,5.153890909090904,-2.197707782678407,-2.762575476855929,0.013803911651908751,0.0827869974390002,1.0,-1.0,-2.0,-1.0,-1.0,-8.0,-14.0,-2.0,-2.0,0.0007690107741999,0.11499999999999999,2,0,0,0,-18.9,-19.1,-2,-0.10000000000000009,120
1326,1272,X01,X02,16,0,0.0,-5.939393939393938,-2.181818181818187,-3.757575757575758,-0.8140391395449385,0.0,0.0,1.0,1.0,-1.3030303030302974,0.011978910224848094,-6.18181818181818,0.08564703403759921,-1.8181818181818183,-5.406771717171715,1.2811450513231222,4.575391729835644,-0.024204030868232862,0.0242040308682326,8.0,3.0,0.0,0.0,8.0,-7.0,0.0,-5.0,0.0,5.4146765511900105e-05,0.039000000000000035,-3,-3,0,0,-19.5,-8.899999999999999,-1,0.0,580
1338,1417,Z03,Z02,-9,4,-0.03921568627450989,-0.8196078431372626,1.874509803921562,-2.6941176470588246,-0.5526163418393732,2.0,2.0,-1.0,0.0,-2.3235294117647065,0.006977886977887038,1.9666666666666686,0.017377949331303877,-0.49411764705882355,-1.7257453594771306,1.5271661411069175,4.667435490450316,-0.05670700290458197,0.0174913166300721,-8.0,-3.0,4.0,-2.0,-4.0,2.0,0.0,4.0,2.0,-0.00046147114624070073,0.134,-2,-2,-2,0,15.799999999999997,14.0,-1,0.8,13
1242,1417,Z01,Z02,-13,4,0.04901960784313719,6.474509803921563,0.46274509803922115,6.011764705882351,3.323683511304708,5.0,2.0,2.0,-1.0,-2.8529411764705888,0.014011379800853596,3.4960784313725526,0.017868145409735137,1.8000000000000007,4.379202091503231,1.286328424406804,-7.102231347742276,0.053696545226190384,-0.004676937383053192,-8.0,-4.0,1.0,-2.0,-7.0,8.0,8.0,-6.0,7.0,0.0016710449714959002,0.05599999999999994,3,1,-2,0,7.900000000000006,15.299999999999997,-1,-0.19999999999999996,242
1401,1257,X03,X06,3,0,0.09677419354838701,5.032258064516128,-3.70967741935484,8.741935483870968,4.6543061306858124,0.0,-3.0,-2.0,5.0,-6.903225806451614,0.0898215679008999,1.1612903225806512,0.04671430579527458,-0.35483870967741993,-0.0032206451612779574,8.076409715129927,-6.614559312437919,0.12085953586670461,-0.024085342318317604,1.0,-1.0,-3.0,0.0,-2.0,-20.0,-43.0,-10.0,-17.0,0.0023589791683341,-0.09399999999999997,-9,-6,-5,-1,6.3999999999999915,16.700000000000003,0,0.40000000000000013,806
1140,1462,X08,X09,-2,0,0.0,0.9375,4.84375,-3.90625,-1.500052531843549,0.0,-1.0,1.0,-1.0,-2.15625,0.017066043249561624,-4.65625,-0.08368053831730027,0.65625,2.140666666666668,-4.079427087173187,3.171241883505644,-0.09662439418500501,0.09662439418500499,-2.0,-2.0,3.0,-3.0,1.0,-15.0,1.0,21.0,-5.0,-0.0004502523942264995,0.050999999999999934,-1,0,0,0,3.0,5.6000000000000085,2,-0.19999999999999996,-98
1196,1326,Y01,X01,9,1,-0.05614973262032097,5.68716577540107,1.4073083778966193,4.279857397504458,4.357663681800357,0.0,0.0,-2.0,0.0,-2.9269162210338706,0.044658956739105804,2.4821746880570394,-0.01509167580783588,2.242424242424242,1.571787522281646,5.376156255602169,-0.5852385211122595,0.02803298244436281,-0.0841827150646835,-3.0,-2.0,0.0,2.0,-3.0,5.0,-1.0,-1.0,-1.0,0.001021193469004901,-0.06900000000000006,3,2,2,2,53.4,57.800000000000004,1,0.7,397
1397,1326,X05,X01,-1,-1,-0.22159090909090917,6.01988636363636,14.285984848484851,-8.266098484848484,0.5647747392645641,-5.0,0.0,1.0,3.0,4.859848484848481,-0.01115105034526409,3.862689393939391,-0.04172283426322865,2.836174242424242,7.6649757575757675,-6.191549542935718,8.654709904285497,-0.22379217648967908,0.002201267398770204,-5.0,-4.0,3.0,4.0,-2.0,11.0,-1.0,35.0,3.0,-0.0023165901378685997,-0.07700000000000007,-2,0,-1,0,11.800000000000004,10.600000000000001,-1,0.0,-1188
1462,1326,X09,X01,-7,-1,-0.15909090909090917,2.7698863636363598,4.629734848484851,-1.8598484848484844,0.4211805677650453,-3.0,1.0,-3.0,1.0,-0.23390151515151913,0.026462709360839276,5.456439393939391,0.04513060470924701,1.1174242424242422,0.6415090909090964,3.919391129394384,5.465918655796216,-0.034876373237509584,-0.12421453585339928,-6.0,-2.0,-2.0,7.0,-8.0,32.0,1.0,30.0,3.0,-0.0021876259369892,-0.11199999999999999,-4,-2,-1,0,38.9,38.9,-1,0.8,-1292
1246,1437,Z08,Z09,9,1,-0.02116935483870963,1.3699596774193594,2.6975806451612954,-1.327620967741935,-1.0685996256542385,-4.0,-2.0,-1.0,2.0,-2.674395161290324,0.004259472013242893,-3.221774193548388,-0.08383401848143068,1.04233870967742,1.4618150537634236,-0.9633690069288008,1.2474000692362779,-0.0495826249920821,0.0284132701533725,1.0,0.0,2.0,-1.0,3.0,-6.0,0.0,-1.0,-4.0,0.00019025793418670032,0.11199999999999999,9,7,1,1,6.699999999999996,25.6,1,0.09999999999999987,295
1246,1242,Z08,Z01,-12,-2,-0.22610294117647056,-4.909926470588232,6.345588235294109,-11.255514705882351,-3.8795641484185985,-7.0,0.0,-5.0,3.0,3.2591911764705888,-0.02455415397999139,-1.654411764705884,0.03301886792452835,0.6875,-1.405050980392133,-4.0337257262893615,12.006493467825635,-0.19903823181620628,-0.0270647093602642,1.0,0.0,5.0,2.0,6.0,2.0,-12.0,16.0,-9.0,-0.0026204622434760003,0.027000000000000024,5,4,1,1,-20.900000000000006,-24.0,2,0.5999999999999999,-1304
1356,1242,Z04,Z01,-3,-2,-0.06985294117647056,-15.159926470588232,-3.685661764705891,-11.474264705882351,-8.420121462257466,0.0,-2.0,-2.0,1.0,1.1966911764705888,-0.012376721023337589,-0.404411764705884,0.02564102564102566,-0.03125,-8.474184313725452,-8.329751881485322,8.63609536646527,-0.17298098045561294,0.1031280392791423,-1.0,1.0,0.0,2.0,-1.0,-4.0,-4.0,33.0,-6.0,-0.002497845999851701,0.050000000000000044,-6,-4,0,0,22.799999999999997,18.900000000000006,-1,0.7999999999999998,-1505
1305,1166,X07,X10,6,-1,0.18346774193548387,10.521169354838705,6.820564516129039,3.700604838709678,-3.2022378428476745,3.0,-1.0,1.0,-1.0,-0.2782258064516121,0.07000982211066242,-3.006048387096776,-0.00029734551548898924,0.1885080645161299,4.742436559139769,7.7724195545661985,2.1484547041111597,0.06866429042708622,0.1148034515083977,0.0,0.0,0.0,-6.0,0.0,3.0,-4.0,31.0,-7.0,-0.0005265691883869,0.19499999999999995,-5,0,0,0,2.799999999999997,10.299999999999997,1,-0.19999999999999996,-172
1332,1196,Y03,Y01,-8,-1,-0.06506238859180036,-2.929590017825319,4.38057040998217,-7.310160427807485,-2.887050624851536,-1.0,2.0,3.0,3.0,7.048128342245992,-0.023032905914343427,-2.9670231729055274,0.07076249100512577,-1.3939393939393945,0.3385801544860385,-5.220427061554403,5.892848080979292,-0.08578575906681318,0.020723370475012798,0.0,2.0,2.0,0.0,2.0,15.0,5.0,18.0,20.0,-0.002511223973403201,-0.12,-4,-2,-3,-2,-17.099999999999994,-14.900000000000006,-2,-0.09999999999999987,-1787
1417,1196,Z02,Y01,-10,-4,-0.019607843137254832,-7.3568627450980415,-0.9921568627450981,-6.364705882352942,-4.847545255226571,-2.0,0.0,1.0,1.0,0.9117647058823515,-0.04045918828527534,-4.054901960784317,-0.031627577278354746,-1.8000000000000007,-2.138762875816994,-8.023058614284565,1.9718349799308754,-0.054696693247387795,0.035088850110132894,5.0,3.0,-1.0,1.0,4.0,-3.0,-4.0,5.0,-2.0,-0.0018860579753750004,-0.061999999999999944,-3,0,-1,-2,-27.0,-31.5,0,-0.5999999999999999,-394
1228,1439,Z12,Z05,-2,3,0.03130929791271353,-7.532258064516128,-7.981973434535099,0.4497153700189749,-0.007855471603804176,1.0,1.0,-1.0,-4.0,6.855787476280836,-0.019494515552799796,-2.1831119544592035,-0.04060819705048968,2.855787476280838,-2.621741176470586,-7.0014199495079765,-7.646401861184273,0.04098738495455523,-0.009678087041841699,-1.0,-1.0,5.0,-5.0,4.0,-5.0,8.0,-2.0,7.0,-0.00038230057504300054,0.17099999999999993,3,3,1,0,-26.099999999999994,-31.10000000000001,1,-0.40000000000000013,23
1207,1130,W02,W07,7,1,0.16733870967741937,-6.1764112903225765,-12.995967741935488,6.819556451612903,-2.964500780892692,6.0,-1.0,-1.0,-1.0,0.3497983870967758,0.016792003608025796,-6.141129032258064,-0.005997135696383826,-0.379032258064516,-5.914752688172044,3.385796018737011,-10.556946209631647,0.21468544796389588,-0.047346738286476495,6.0,6.0,-2.0,-3.0,4.0,-23.0,30.0,-36.0,6.0,0.0020703258280130995,0.08400000000000007,-4,1,1,0,-9.799999999999997,-10.799999999999997,1,-0.5,499
1417,1231,Z02,Z07,5,0,0.16666666666666674,1.0666666666666629,-1.5999999999999872,2.666666666666668,-1.7116569563242976,4.0,0.0,3.0,-1.0,-2.166666666666668,-0.016303400174367932,-0.8333333333333357,-0.06321561301868683,-0.16666666666666785,0.8013511111111171,0.16956741037620304,-3.760486899171241,0.05516130516366524,0.1115053615030015,8.0,6.0,-6.0,1.0,2.0,-25.0,11.0,-12.0,5.0,0.0011374899391536006,0.0,-7,1,1,0,23.4,26.6,1,-0.19999999999999996,1378
1272,1305,X02,X07,16,2,0.0381231671554253,1.8983382209188733,-4.924731182795703,6.823069403714564,4.467590706945186,-2.0,-1.0,0.0,-2.0,3.7214076246334287,-0.06215834818775989,6.981427174975565,-0.14484624082655262,0.5434995112414462,3.3888260671228494,-3.702322276133529,-10.996255298277305,0.0864546030356459,-0.048331435880220604,1.0,1.0,1.0,-2.0,2.0,-15.0,2.0,-54.0,-4.0,0.0024238048249692994,-0.08199999999999996,6,5,1,0,-11.199999999999996,-30.5,0,-0.6000000000000001,599
1272,1401,X02,X03,1,2,0.10263929618768342,3.2531769305962825,3.13978494623656,0.1133919843597262,-2.9095506595470546,4.0,-1.0,2.0,-5.0,6.3665689149560105,-0.07032301090234278,3.9491691104594295,-0.11391064817305907,1.059628543499512,5.07692585206906,-3.228712835778907,-1.703013999951466,-0.004065220502428191,0.1067045166901116,0.0,1.0,-1.0,-2.0,-1.0,-9.0,10.0,4.0,2.0,0.00028468312415349997,0.10299999999999998,6,4,1,0,-22.4,-41.400000000000006,2,-0.40000000000000013,-57
1439,1356,Z05,Z04,-15,-1,-0.16733870967741937,8.751008064516128,7.7852822580645125,0.965725806451613,8.283945312169006,-6.0,2.0,1.0,2.0,-3.87600806451613,-0.001043022364983992,0.616935483870968,-0.02613558548276651,-3.00100806451613,4.6477999999999895,6.0474506383434345,3.4594872744332434,0.004938435262069274,-0.1722771449394885,4.0,0.0,1.0,4.0,5.0,27.0,-3.0,-9.0,2.0,-0.0003460077170203994,-0.19699999999999995,0,-1,0,0,-2.200000000000003,-4.5,1,0.30000000000000027,-123
1425,1400,W05,W04,19,1,-0.050802139037433136,-10.80035650623887,-6.909982174688054,-3.8903743315508006,-0.6123989396676652,-1.0,2.0,0.0,-1.0,-8.666666666666668,0.0063025210084033945,-3.690730837789662,-0.020509193776520496,2.433155080213904,-2.2900286890293415,-10.512221485519476,-5.522922886286537,-0.07868952125268114,0.027887382215248002,5.0,4.0,0.0,2.0,5.0,21.0,-28.0,27.0,-36.0,-0.0009915460998974005,-0.010000000000000009,-9,-3,-1,0,47.3,61.99999999999999,2,0.8999999999999999,-361
1242,1314,X01,W01,18,-1,-0.032085561497326,-7.524064171122987,-11.0686274509804,3.5445632798574014,1.110370936367218,-6.0,-2.0,-5.0,1.0,2.38324420677362,0.021066472294873406,-3.9447415329768276,-0.04623009988705118,-1.7673796791443834,-6.788374664289975,2.300997330736692,-5.571554992987757,0.03809876228935394,-0.0701843237866801,-1.0,-3.0,1.0,0.0,0.0,3.0,-2.0,-4.0,-2.0,0.000778095024103401,-0.08900000000000008,-9,-6,-5,0,14.799999999999997,14.900000000000006,1,0.3999999999999999,-160
1257,1314,W03,W01,-10,-2,-0.19117647058823517,-16.768382352941174,-11.391544117647058,-5.376838235294118,-1.0921447623509053,-9.0,0.0,-4.0,4.0,7.352941176470589,-0.03518049470609719,-5.3547794117647065,-0.09902450051296308,-1.4264705882352917,-8.475716078431368,-9.61143855522576,-4.033080719977207,-0.03886830506971184,-0.1523081655185234,0.0,-3.0,4.0,2.0,4.0,11.0,0.0,4.0,-3.0,-0.0032506642018610993,-0.07900000000000007,-6,-4,-1,0,12.0,20.60000000000001,0,0.0,-348
1242,1272,X01,Y01,7,-1,-0.06149732620320847,1.505347593582897,1.0490196078431282,0.45632798573975464,3.051984634782386,-1.0,-1.0,-1.0,2.0,-5.646167557932262,0.048381959926333096,-1.974153297682708,0.11219519692865754,0.7032085561497325,-1.7064232917409754,5.355954158844781,4.285413182260498,0.0004582529834513682,-0.0619555791866599,0.0,1.0,1.0,1.0,1.0,2.0,1.0,-2.0,1.0,0.0017724962515689013,-0.03400000000000003,0,0,-1,1,3.4000000000000057,7.400000000000006,-1,0.5,-112
1277,1272,Y05,Y01,-18,-1,-0.21301247771836007,-8.373440285204993,1.382352941176471,-9.75579322638146,2.811347932665056,-5.0,-1.0,0.0,1.0,-9.34313725490196,0.022532720198089773,-5.155971479500895,0.13539520411201733,1.4607843137254903,-5.8380434937611625,-3.2675055541567275,11.880622621582972,-0.10331386391254105,-0.10969861380581891,-4.0,-1.0,4.0,3.0,0.0,13.0,-1.0,14.0,8.0,-0.0026482380054164995,-0.051000000000000045,1,1,2,1,7.6000000000000085,13.700000000000003,-1,0.19999999999999996,-384
1417,1272,Z01,Y01,-15,-1,-0.06149732620320847,-5.646167557932259,-0.9812834224598959,-4.66488413547237,0.9466445895759428,2.0,1.0,3.0,1.0,-6.979500891265598,-0.012356714691345139,-2.6105169340463483,0.14053026238718336,0.0971479500891288,-5.099457635175305,1.011642182633139,6.0177790282225345,-0.025268903618605232,-0.0362284225846032,6.0,6.0,1.0,1.0,7.0,1.0,4.0,-1.0,2.0,-0.00011559941815079966,-0.08499999999999996,-3,-1,1,0,-0.29999999999999716,-1.1999999999999886,0,0.10000000000000009,30
1280,1272,Y08,Y01,-3,-2,-0.28308823529411764,-6.58272058823529,4.444852941176471,-11.027573529411764,1.3518131320713014,-3.0,2.0,0.0,3.0,-1.8327205882352935,-0.01586171894597449,-2.196691176470587,0.048017607820320496,3.0753676470588243,-1.7880313725490424,-8.141806481754926,8.588032479333378,-0.14351547217038652,-0.1395727631237311,-5.0,-3.0,6.0,3.0,1.0,37.0,6.0,31.0,-5.0,-0.003807471499248499,-0.10799999999999998,-5,-6,-2,0,-21.799999999999997,-9.099999999999994,-1,-0.19999999999999996,-1642
1400,1272,Y02,Y01,-18,-1,-0.1524064171122994,-4.827985739750446,4.2914438502673775,-9.119429590017825,1.1422450822867667,-2.0,0.0,3.0,2.0,-2.191622103386809,0.027024382382059675,-4.368092691622103,0.09339697357293664,-2.9634581105169335,-5.126997029114698,1.925926431553492,13.61016187901673,-0.09929871145758029,-0.053107705654719,4.0,3.0,3.0,2.0,7.0,3.0,1.0,4.0,7.0,-0.0017344474069705988,-0.08799999999999997,6,0,-1,0,-6.0,-11.699999999999989,-2,-0.30000000000000004,-1042
1425,1243,X06,X11,-13,2,0.022916666666666696,-9.704166666666666,-5.779166666666669,-3.9250000000000007,-5.284877221528005,6.0,3.0,0.0,-1.0,-5.966666666666665,0.0595164551274851,-3.6875,-0.010492874242119199,-0.4479166666666661,-5.911542222222195,-4.52969301666414,-0.5671122092324623,-0.08892806106323725,0.1118447277299039,4.0,3.0,0.0,0.0,4.0,-22.0,28.0,5.0,16.0,0.0004320407514028001,0.009000000000000008,6,2,0,0,18.6,16.4,1,-0.30000000000000004,264
1266,1246,Y06,Y11,8,2,0.11875000000000002,7.306250000000006,-1.0208333333333286,8.327083333333334,-0.06447176914958419,4.0,-2.0,-2.0,-2.0,4.1708333333333325,-0.008930524167091891,1.5687500000000014,-0.03267873819077982,-2.6833333333333336,3.3972479999999905,5.8180555184895155,-5.152445183065481,0.24589055070256782,-0.1271405507025678,1.0,2.0,0.0,-3.0,1.0,-37.0,-17.0,-49.0,-6.0,0.0026989665793101,0.040000000000000036,1,0,1,0,,,0,,630
1266,1390,Y06,Y03,-1,-1,-0.06912878787878785,5.239583333333329,3.706439393939391,1.5331439393939394,2.954542151535568,-2.0,1.0,-4.0,-1.0,4.9375,-0.0006617903169627848,0.07481060606060552,0.0054390683195914,0.9772727272727284,4.684121212121205,-0.0011564107873027751,-0.21380329868659942,0.014952405330394991,-0.0840811932091828,-2.0,-1.0,2.0,0.0,0.0,6.0,-9.0,2.0,-4.0,-0.00018052722139160014,0.09800000000000009,1,-1,1,0,-1.2999999999999972,-1.2000000000000028,-2,-0.19999999999999996,712
1400,1390,Y02,Y03,20,0,0.030303030303030387,4.181818181818173,4.303030303030297,-0.1212121212121211,-1.9467859413232986,1.0,0.0,1.0,-1.0,5.484848484848484,0.017622975315283007,-2.90909090909091,-0.006576496758050165,-3.0303030303030294,0.976355555555557,5.560203966710276,5.50168678705576,-0.015499680257207049,0.045802710560237506,4.0,2.0,-2.0,1.0,2.0,-8.0,-6.0,-3.0,4.0,0.0003947339702104003,0.09800000000000009,12,4,1,0,-19.400000000000006,-33.5,-2,-0.8,348
1277,1338,Y05,Y04,11,-2,0.014718614718614687,-2.8398268398268414,-3.200000000000003,0.3601731601731615,-1.6108425425957158,-2.0,-2.0,-2.0,-2.0,-4.723809523809523,0.032537399309551185,-2.3316017316017366,0.07334754421816647,1.4666666666666668,-1.3876806926406786,-2.5818769379559683,-2.1688063631622754,0.018194322319611045,-0.003475707600996303,-4.0,-2.0,-1.0,0.0,-5.0,1.0,-6.0,-9.0,7.0,-0.00043384974973780053,-0.06600000000000006,6,5,4,1,30.500000000000007,30.4,1,-0.10000000000000009,1003
1323,1206,W05,W12,18,-2,0.07722385141739974,10.734115347018573,8.213098729227752,2.5210166177908118,2.4713051587763477,-3.0,-1.0,0.0,-4.0,3.218963831867054,0.05809927314564889,0.35483870967741993,0.03146484264309035,1.0303030303030312,7.6857368523949035,4.243872744919543,0.2653586544569322,0.03397302460775353,0.04325082680964619,5.0,1.0,4.0,-7.0,9.0,-35.0,-4.0,-66.0,4.0,0.0010195935386695006,0.08100000000000007,3,0,-1,0,-7.200000000000003,-20.700000000000003,1,-0.19999999999999996,17
1401,1140,Z09,Z08,5,-1,-0.09714795008912647,-2.9376114081996434,-1.1782531194295913,-1.7593582887700538,3.2028206168753997,-3.0,4.0,-2.0,0.0,-5.399286987522281,-0.018574511890671497,1.9171122994652379,-0.02045941474791857,-1.6283422459893053,-4.96075557383795,2.3417411896349023,4.120691354069606,-0.029905765316890487,-0.0672421847722359,3.0,1.0,2.0,1.0,5.0,16.0,-7.0,-28.0,9.0,-3.566474405550073e-05,-0.15700000000000003,0,1,0,0,15.699999999999996,12.5,0,0.30000000000000004,620
1417,1401,Z01,Z09,2,0,0.21212121212121215,2.9090909090909065,-2.3030303030303045,5.212121212121213,-5.998724310301801,7.0,-2.0,3.0,0.0,-0.7272727272727302,-0.018250723047771034,-1.9393939393939448,0.09818280141348035,-0.33333333333333215,0.5621606837606947,5.740379651373644,-3.161913608152304,0.08046345593378468,0.1316577561874274,9.0,7.0,-5.0,-2.0,4.0,-37.0,6.0,-14.0,-2.0,0.0028960797293353,0.08900000000000008,5,4,3,0,21.6,19.500000000000007,0,0.0,1087
1417,1462,Z01,Z03,19,0,0.09090909090909094,-1.3030303030302974,-2.6969696969697026,1.3939393939393945,-3.6472145618827145,4.0,1.0,3.0,0.0,-4.121212121212121,-0.053599471030663814,-0.9696969696969724,-0.01424976597454819,-0.9696969696969671,-0.0905050505050582,-0.902858798541061,-4.795496779272483,0.01983482915264434,0.07107426175644639,8.0,6.0,-2.0,-1.0,6.0,-5.0,1.0,-16.0,1.0,0.0015482450263421994,-0.03799999999999992,4,4,3,0,24.0,17.10000000000001,1,-0.3999999999999999,1637
1450,1323,W04,W05,20,1,-0.024193548387096753,-13.550403225806448,-13.453629032258064,-0.0967741935483879,-1.7905633118462756,8.0,4.0,0.0,0.0,-3.8941532258064484,-0.028707238237315802,-2.01108870967742,-0.002208512902107884,-2.65625,-11.323004731182785,-2.234388341313604,-2.9345132651118746,0.038858708597515834,-0.0630522569846126,4.0,5.0,1.0,0.0,5.0,-3.0,0.0,-16.0,3.0,0.0010893371237757996,0.09599999999999997,-5,0,0,0,12.700000000000003,20.200000000000003,1,0.8,1085
1112,1452,Z10,Z07,-10,-1,-0.13446969696969702,-3.1344696969697026,3.5085227272727266,-6.642992424242424,-6.421056299732017,-3.0,4.0,0.0,1.0,-3.6770833333333286,0.03819730848919173,-0.6392045454545467,0.06357495600840102,1.2793560606060606,-1.2452379797979916,-1.7460901434932623,6.781444090050229,-0.18611348312114062,0.051643786151443605,1.0,2.0,1.0,3.0,2.0,8.0,-32.0,-1.0,4.0,-0.0006766197021498997,-0.247,-13,-4,-1,0,-21.299999999999997,-26.700000000000003,1,-0.30000000000000004,479
1462,1452,Z03,Z07,4,0,0.12121212121212122,0.636363636363626,-0.9393939393939377,1.5757575757575761,-3.717681339421844,0.0,-1.0,0.0,-3.0,-0.515151515151512,0.0337621970950292,0.6666666666666643,0.07101616960528678,2.333333333333332,-0.7744258585858645,3.5568426131618196,0.35858272123327595,0.023467885693800206,0.09774423551832122,1.0,2.0,-5.0,1.0,-4.0,-20.0,-9.0,-5.0,6.0,0.0006333303300143003,-0.029000000000000026,-13,-4,-1,0,-13.5,-13.600000000000009,1,0.30000000000000004,53
1231,1116,W08,W09,-14,-1,0.11458333333333337,1.4886363636363598,-2.342803030303031,3.8314393939393936,2.422376385483471,1.0,1.0,1.0,2.0,1.6979166666666679,0.007308783170852207,2.102272727272723,0.09100431159254696,-1.7357954545454568,-2.165810909090908,5.724071780851318,-1.9229564440966556,0.10192874406164898,0.012654589271684405,-2.0,-3.0,-1.0,-3.0,-3.0,-9.0,1.0,-21.0,0.0,0.0005278965394481996,0.08600000000000008,12,3,1,0,-37.4,-37.89999999999999,0,-0.8999999999999999,677
1231,1116,W08,W09,-14,-1,0.11458333333333337,1.4886363636363598,-2.342803030303031,3.8314393939393936,2.422376385483471,1.0,1.0,1.0,2.0,1.6979166666666679,0.007308783170852207,2.102272727272723,0.09100431159254696,-1.7357954545454568,-2.165810909090908,5.724071780851318,-1.9229564440966556,0.10192874406164898,0.012654589271684405,-2.0,-3.0,-1.0,-3.0,-3.0,-9.0,1.0,-21.0,0.0,0.0005278965394481996,0.08600000000000008,12,3,1,0,-37.4,-37.89999999999999,0,-0.8999999999999999,677
1231,1116,W08,W09,-14,-1,0.11458333333333337,1.4886363636363598,-2.342803030303031,3.8314393939393936,2.422376385483471,1.0,1.0,1.0,2.0,1.6979166666666679,0.007308783170852207,2.102272727272723,0.09100431159254696,-1.7357954545454568,-2.165810909090908,5.724071780851318,-1.9229564440966556,0.10192874406164898,0.012654589271684405,-2.0,-3.0,-1.0,-3.0,-3.0,-9.0,1.0,-21.0,0.0,0.0005278965394481996,-0.040999999999999925,-1,0,0,0,-37.4,-37.89999999999999,0,-0.8999999999999999,677
1231,1116,W08,W09,-14,-1,0.11458333333333337,1.4886363636363598,-2.342803030303031,3.8314393939393936,2.422376385483471,1.0,1.0,1.0,2.0,1.6979166666666679,0.007308783170852207,2.102272727272723,0.09100431159254696,-1.7357954545454568,-2.165810909090908,5.724071780851318,-1.9229564440966556,0.10192874406164898,0.012654589271684405,-2.0,-3.0,-1.0,-3.0,-3.0,-9.0,1.0,-21.0,0.0,0.0005278965394481996,-0.040999999999999925,-1,0,0,0,-37.4,-37.89999999999999,0,-0.8999999999999999,677
1314,1116,W01,W09,31,1,0.27450980392156854,15.069518716577534,5.704991087344027,9.36452762923351,-0.473612949311379,11.0,1.0,3.0,0.0,-2.686274509803921,0.03834920099980349,4.55080213903743,0.08162166020935946,-0.7780748663101651,6.234225169340462,10.475567435446834,-2.1275368277714364,0.1534510854884058,0.1210587184331628,3.0,4.0,-5.0,-4.0,-2.0,-29.0,2.0,-35.0,7.0,0.004687413480564499,0.2410000000000001,17,12,6,1,-23.39999999999999,-28.0,-1,-0.2999999999999998,1260
1172,1211,X10,X07,6,-1,0.025201612903225756,0.8225806451612954,-0.12096774193548043,0.943548387096774,-1.7267921089097964,2.0,1.0,-4.0,0.0,6.853830645161288,-0.011350317685522193,-6.923387096774194,0.013517453726921702,-1.993951612903226,0.5612993548386953,1.6973970518777577,0.862842620950758,0.010060680830194624,0.015140932073030994,-6.0,-4.0,-3.0,2.0,-9.0,5.0,22.0,5.0,21.0,-8.054601622349989e-05,-0.19500000000000006,-4,-2,0,0,36.2,37.3,-2,0.6000000000000001,-661
1172,1458,X10,X03,17,-2,-0.07233626588465303,9.989247311827967,9.371456500488762,0.6177908113391979,-0.31679847306672926,1.0,0.0,-3.0,1.0,8.110459433040077,0.0018642008973944746,-5.063538611925713,0.019590912875482203,0.1026392961876823,6.188837536656884,3.7704742386899994,6.203684048646522,-0.014397368667586563,-0.057938897217066604,-5.0,-2.0,-1.0,3.0,-6.0,24.0,29.0,29.0,17.0,-0.0011447660348381005,-0.09799999999999998,-2,-2,0,0,39.4,51.3,0,0.10000000000000009,35
1243,1458,X11,X03,-17,-3,-0.24545454545454548,11.433333333333337,15.20909090909091,-3.7757575757575754,4.971380867064365,-8.0,0.0,-2.0,3.0,4.254545454545454,-0.03477427014520995,2.984848484848481,-0.013974878741213281,3.0757575757575744,9.28916040404038,-0.3229934891214583,9.592810486383925,-0.09428601406049741,-0.1511685313940482,-3.0,-2.0,4.0,3.0,1.0,39.0,-22.0,11.0,-10.0,-0.001815703050702,-0.06399999999999995,-6,-3,0,0,-28.6,-25.799999999999997,0,-0.9999999999999999,201
1172,1242,X10,X01,-2,-2,-0.10263929618768342,-3.8592375366568916,1.4623655913978624,-5.321603128054745,-0.5668675446261755,2.0,2.0,0.0,-1.0,7.292277614858257,-0.03783380688522431,-6.427174975562073,0.020845019922622665,-0.7155425219941343,-0.014055392636024067,-5.743898729930407,2.7154592205163937,-0.03483622510232276,-0.0678030710853605,-7.0,-3.0,1.0,2.0,-6.0,30.0,31.0,32.0,18.0,-0.004508365225899901,-0.11599999999999999,-5,-5,-1,-1,13.799999999999997,16.099999999999994,0,0.0,-1518
1437,1242,X12,X01,-15,-1,-0.28409090909090917,-8.338068181818187,7.645833333333343,-15.98390151515152,-1.329951932044322,-4.0,3.0,3.0,1.0,3.594696969696969,-0.0561522700312736,0.3712121212121211,0.015558374054592372,1.3096590909090917,0.13592525252528276,-12.75427001845273,11.73793597808124,-0.31240180514135474,0.0283108960504457,-3.0,-2.0,5.0,4.0,2.0,46.0,8.0,50.0,29.0,-0.005926649556482,-0.10199999999999998,-4,-3,-1,-1,-32.1,-32.7,0,-1.0,-1424
1280,1332,Y08,Y09,7,1,0.10685483870967738,-3.7127016129032313,-7.35685483870968,3.644153225806452,-1.2120773834716854,4.0,0.0,1.0,1.0,-0.8659274193548399,-0.06685587369762358,1.1078629032258078,-0.04558933130361709,2.63608870967742,1.5923870967741962,-8.841069509350405,-13.962767598426794,0.14082721141737065,-0.033972372707693294,-2.0,-2.0,-2.0,-1.0,-4.0,-18.0,13.0,-3.0,-8.0,-6.448466064380015e-05,0.06000000000000005,-1,-2,0,0,-10.099999999999994,-2.0999999999999943,1,-0.5999999999999999,-880
1397,1139,W02,W07,5,0,-0.03125,14.0625,13.125,0.9375,7.149715425007434,-2.0,-1.0,3.0,1.0,0.28125,-0.011816329477450316,4.84375,-0.08316812989710187,2.65625,12.059933333333326,-0.12069048688267969,3.3217760776060032,-0.021765640186483415,-0.009484359813516502,12.0,7.0,3.0,-2.0,15.0,-16.0,-1.0,-18.0,-10.0,0.0012328306395711,-0.15800000000000003,4,3,0,0,12.600000000000009,17.0,1,-0.40000000000000013,1257
1397,1257,W02,W03,-19,0,0.125,10.46875,9.53125,0.9375,2.9921840525642462,4.0,-2.0,5.0,-3.0,2.8125,0.021650303411953287,2.9375,-0.0007562245844332516,-0.34375,5.475466666666641,6.833901928574406,7.04160140231501,-0.011074520815557376,0.1360745208155574,3.0,3.0,-1.0,-3.0,2.0,-12.0,-2.0,5.0,2.0,0.0004659188615231003,-0.0040000000000000036,-8,-5,-5,-1,1.5,2.5999999999999943,1,0.19999999999999996,-9
1155,1437,X05,X12,-6,0,0.09375,6.34375,0.1875,6.15625,1.1881266691944763,1.0,-1.0,2.0,1.0,0.4375,0.0373977160327309,-2.6875,-0.1003114118533941,0.53125,1.6705999999999932,4.4607135928933275,-4.882708492085541,0.19374621845854134,-0.09999621845854129,-1.0,0.0,-2.0,-1.0,-3.0,-32.0,-6.0,-38.0,-26.0,0.0017923156926121994,-0.041000000000000036,-2,-3,0,0,28.9,30.700000000000003,0,0.7,-61
1452,1181,Z07,Z02,6,1,-0.14678030303030298,-9.428030303030297,-6.039772727272727,-3.388257575757576,5.026854025493874,-1.0,1.0,1.0,2.0,-3.8229166666666714,-0.026542223284742317,-3.4232954545454533,-0.015293378326283413,-2.6543560606060606,-7.644962020202016,-2.7392447402817197,2.7070225265882897,-0.027068103465179405,-0.1197121995651236,-3.0,-3.0,5.0,0.0,2.0,22.0,15.0,17.0,-4.0,-0.0020912582360513004,-0.016000000000000014,-8,-12,-9,-3,-11.0,-9.899999999999991,-1,0.5,-848
1207,1172,X02,X10,-4,1,0.037298387096774244,-7.603830645161295,-5.16028225806452,-2.443548387096774,0.5105584634080849,-3.0,-2.0,5.0,-1.0,-3.6975806451612883,0.01956032473273861,2.110887096774194,-0.06312082556333998,1.025201612903226,-5.842419354838704,-2.007102476958053,-0.3069768020418593,-0.015073932010791213,0.0523723191075654,8.0,3.0,1.0,-2.0,9.0,-27.0,-31.0,-25.0,-15.0,0.0008061114482822004,0.08100000000000007,0,1,1,0,-20.799999999999997,-24.69999999999999,1,-0.19999999999999996,1454
1314,1450,W01,W04,21,2,0.19117647058823517,21.643382352941174,15.672794117647058,5.970588235294118,-0.5674483123906455,3.0,-2.0,3.0,0.0,-2.0716911764705888,-0.0037983710543106897,6.4797794117647065,0.0205452986483452,4.332720588235292,15.786062745098043,4.060163204889719,-0.0738900245190024,0.03622018691026008,0.1549562836779751,-1.0,0.0,-6.0,0.0,-7.0,-21.0,3.0,-6.0,4.0,0.0031762098149974993,0.05300000000000005,17,11,6,1,-10.0,-12.100000000000009,-2,-0.8999999999999999,625
